Locus,MHC,Best_EL_Rank,Peptide_Type
18,,,C
576,,,C
1579,HLA-A01:01,8.1765,C
1579,HLA-A24:02,7.4669,C
1579,HLA-B07:02,0.4372,C
1579,HLA-B15:01,19.625,C
1579,HLA-C03:04,3.4289,C
1579,HLA-C07:02,0.7376,C
3651,HLA-A01:01,33.2857,C
3651,HLA-A24:02,9.4587,C
3651,HLA-B07:02,28.9,C
3651,HLA-B15:01,42.0,C
3651,HLA-C03:04,33.5,C
3651,HLA-C07:02,8.8742,C
3651,,,C
4794,HLA-A01:01,30.6786,C
4794,HLA-A24:02,7.9518,C
4794,HLA-B07:02,52.6923,C
4794,HLA-B15:01,17.5,C
4794,HLA-C03:04,25.6,C
4794,HLA-C07:02,11.1955,C
4794,,,C
4795,HLA-A01:01,30.6786,C
4795,HLA-A24:02,7.9518,C
4795,HLA-B07:02,52.6923,C
4795,HLA-B15:01,17.5,C
4795,HLA-C03:04,25.6,C
4795,HLA-C07:02,11.1955,C
4795,,,C
5077,HLA-A01:01,0.3783,C
5077,HLA-A24:02,1.3486,C
5077,HLA-B07:02,4.2684,C
5077,HLA-B15:01,0.3667,C
5077,HLA-C03:04,3.6279,C
5077,HLA-C07:02,0.3258,C
5094,HLA-A01:01,6.8651,C
5094,HLA-A24:02,3.3458,C
5094,HLA-B07:02,2.4052,C
5094,HLA-B15:01,11.52,C
5094,HLA-C03:04,1.8733,C
5094,HLA-C07:02,7.4686,C
5121,HLA-A01:01,11.1617,C
5121,HLA-A24:02,3.0633,C
5121,HLA-B07:02,3.221,C
5121,HLA-B15:01,2.9439,C
5121,HLA-C03:04,1.2848,C
5121,HLA-C07:02,2.3675,C
5146,HLA-A01:01,1.4892,C
5146,HLA-A24:02,1.9168,C
5146,HLA-B07:02,1.2952,C
5146,HLA-B15:01,2.2232,C
5146,HLA-C03:04,2.5977,C
5146,HLA-C07:02,0.4617,C
5162,HLA-A01:01,0.2274,C
5162,HLA-A24:02,1.9956,C
5162,HLA-B07:02,8.3214,C
5162,HLA-B15:01,1.0967,C
5162,HLA-C03:04,2.0193,C
5162,HLA-C07:02,3.4701,C
5206,HLA-A01:01,1.1981,C
5206,HLA-A24:02,7.2754,C
5206,HLA-B07:02,1.4857,C
5206,HLA-B15:01,0.2217,C
5206,HLA-C03:04,3.8544,C
5206,HLA-C07:02,1.8436,C
5209,HLA-A01:01,1.1981,C
5209,HLA-A24:02,7.2754,C
5209,HLA-B07:02,1.4857,C
5209,HLA-B15:01,0.2217,C
5209,HLA-C03:04,3.8544,C
5209,HLA-C07:02,1.8436,C
5455,HLA-A01:01,10.308,C
5455,HLA-A24:02,7.1738,C
5455,HLA-B07:02,0.1335,C
5455,HLA-B15:01,9.257,C
5455,HLA-C03:04,1.6788,C
5455,HLA-C07:02,5.7452,C
5638,HLA-A01:01,23.6,C
5638,HLA-A24:02,18.8421,C
5638,HLA-B07:02,8.8035,C
5638,HLA-B15:01,6.9698,C
5638,HLA-C03:04,28.25,C
5638,HLA-C07:02,8.2447,C
5655,HLA-A01:01,11.3114,C
5655,HLA-A24:02,4.4581,C
5655,HLA-B07:02,7.3416,C
5655,HLA-B15:01,9.735,C
5655,HLA-C03:04,2.586,C
5655,HLA-C07:02,13.1786,C
6169,HLA-A01:01,19.7037,C
6169,HLA-A24:02,15.058,C
6169,HLA-B07:02,1.9009,C
6169,HLA-B15:01,6.9682,C
6169,HLA-C03:04,0.5724,C
6169,HLA-C07:02,2.5141,C
6169,,,C
6223,HLA-A01:01,8.8659,C
6223,HLA-A24:02,0.7829,C
6223,HLA-B07:02,2.9925,C
6223,HLA-B15:01,1.5021,C
6223,HLA-C03:04,0.5769,C
6223,HLA-C07:02,0.3478,C
6223,,,C
6293,,,C
6306,HLA-A01:01,38.7857,C
6306,HLA-A24:02,18.5526,C
6306,HLA-B07:02,58.8889,C
6306,HLA-B15:01,68.3333,C
6306,HLA-C03:04,28.75,C
6306,HLA-C07:02,25.0909,C
6306,,,C
6507,,,C
6518,,,C
7038,HLA-A01:01,40.1538,C
7038,HLA-A24:02,37.6667,C
7038,HLA-B07:02,62.8571,C
7038,HLA-B15:01,34.4667,C
7038,HLA-C03:04,55.0,C
7038,HLA-C07:02,41.0,C
7038,,,C
7042,,,C
7640,HLA-A01:01,10.0851,C
7640,HLA-A24:02,13.3153,C
7640,HLA-B07:02,3.8314,C
7640,HLA-B15:01,3.4132,C
7640,HLA-C03:04,5.5622,C
7640,HLA-C07:02,3.6041,C
7992,HLA-A01:01,13.1147,C
7992,HLA-A24:02,24.7857,C
7992,HLA-B07:02,27.9048,C
7992,HLA-B15:01,15.3162,C
7992,HLA-C03:04,37.0,C
7992,HLA-C07:02,23.1429,C
8257,HLA-A01:01,16.5736,C
8257,HLA-A24:02,0.1641,C
8257,HLA-B07:02,0.3401,C
8257,HLA-B15:01,12.9275,C
8257,HLA-C03:04,1.9939,C
8257,HLA-C07:02,0.9953,C
13798,,,C
18,,,V
576,,,V
1579,HLA-A01:01,1.1828,V
1579,HLA-A24:02,9.0461,V
1579,HLA-B07:02,4.9961,V
1579,HLA-B15:01,22.3714,V
1579,HLA-C03:04,1.5141,V
1579,HLA-C07:02,1.0011,V
3651,HLA-A01:01,37.4,V
3651,HLA-A24:02,17.7333,V
3651,HLA-B07:02,38.4286,V
3651,HLA-B15:01,61.875,V
3651,HLA-C03:04,43.0,V
3651,HLA-C07:02,20.087,V
3651,,,V
4794,HLA-A01:01,24.4348,V
4794,HLA-A24:02,6.1481,V
4794,HLA-B07:02,48.0,V
4794,HLA-B15:01,12.4962,V
4794,HLA-C03:04,23.5,V
4794,HLA-C07:02,10.2541,V
4794,,,V
4795,HLA-A01:01,27.2571,V
4795,HLA-A24:02,7.6176,V
4795,HLA-B07:02,30.8824,V
4795,HLA-B15:01,11.9559,V
4795,HLA-C03:04,15.0,V
4795,HLA-C07:02,7.338,V
4795,,,V
5077,HLA-A01:01,0.4475,V
5077,HLA-A24:02,1.6896,V
5077,HLA-B07:02,7.1745,V
5077,HLA-B15:01,0.3712,V
5077,HLA-C03:04,7.7406,V
5077,HLA-C07:02,0.5426,V
5094,HLA-A01:01,9.099,V
5094,HLA-A24:02,3.3828,V
5094,HLA-B07:02,0.9144,V
5094,HLA-B15:01,7.0533,V
5094,HLA-C03:04,1.7057,V
5094,HLA-C07:02,3.3115,V
5121,HLA-A01:01,10.4092,V
5121,HLA-A24:02,2.298,V
5121,HLA-B07:02,2.9009,V
5121,HLA-B15:01,2.7573,V
5121,HLA-C03:04,2.4172,V
5121,HLA-C07:02,0.3064,V
5146,HLA-A01:01,1.1035,V
5146,HLA-A24:02,2.4649,V
5146,HLA-B07:02,1.5029,V
5146,HLA-B15:01,2.4451,V
5146,HLA-C03:04,2.5493,V
5146,HLA-C07:02,0.4516,V
5162,,,V
5206,HLA-A01:01,0.9779,V
5206,HLA-A24:02,6.834,V
5206,HLA-B07:02,1.1288,V
5206,HLA-B15:01,0.1566,V
5206,HLA-C03:04,3.7382,V
5206,HLA-C07:02,1.7731,V
5209,HLA-A01:01,0.2089,V
5209,HLA-A24:02,7.5212,V
5209,HLA-B07:02,1.5305,V
5209,HLA-B15:01,0.2773,V
5209,HLA-C03:04,6.1473,V
5209,HLA-C07:02,1.8512,V
5455,HLA-A01:01,9.7956,V
5455,HLA-A24:02,2.8058,V
5455,HLA-B07:02,0.119,V
5455,HLA-B15:01,12.1031,V
5455,HLA-C03:04,0.5101,V
5455,HLA-C07:02,2.7839,V
5638,,,V
5655,HLA-A01:01,8.3148,V
5655,HLA-A24:02,6.2581,V
5655,HLA-B07:02,10.1987,V
5655,HLA-B15:01,7.4454,V
5655,HLA-C03:04,2.5674,V
5655,HLA-C07:02,12.463,V
6169,HLA-A01:01,10.7931,V
6169,HLA-A24:02,17.9778,V
6169,HLA-B07:02,2.2922,V
6169,HLA-B15:01,6.867,V
6169,HLA-C03:04,0.8372,V
6169,HLA-C07:02,4.4666,V
6169,,,V
6223,HLA-A01:01,9.4241,V
6223,HLA-A24:02,1.4549,V
6223,HLA-B07:02,5.2892,V
6223,HLA-B15:01,1.7779,V
6223,HLA-C03:04,1.0835,V
6223,HLA-C07:02,0.8251,V
6223,,,V
6293,,,V
6306,HLA-A01:01,40.6154,V
6306,HLA-A24:02,22.0526,V
6306,HLA-B07:02,57.2222,V
6306,HLA-B15:01,61.25,V
6306,HLA-C03:04,28.0,V
6306,HLA-C07:02,26.7,V
6306,,,V
6507,,,V
6518,,,V
7038,HLA-A01:01,38.1429,V
7038,HLA-A24:02,35.75,V
7038,HLA-B07:02,60.7143,V
7038,HLA-B15:01,32.5,V
7038,HLA-C03:04,55.0,V
7038,HLA-C07:02,39.0,V
7038,,,V
7042,,,V
7640,HLA-A01:01,14.2541,V
7640,HLA-A24:02,15.8986,V
7640,HLA-B07:02,4.2662,V
7640,HLA-B15:01,6.0648,V
7640,HLA-C03:04,7.3133,V
7640,HLA-C07:02,6.2556,V
7992,HLA-A01:01,10.6322,V
7992,HLA-A24:02,27.0,V
7992,HLA-B07:02,35.6667,V
7992,HLA-B15:01,17.4882,V
7992,HLA-C03:04,37.0,V
7992,HLA-C07:02,39.5,V
8257,HLA-A01:01,19.7778,V
8257,HLA-A24:02,0.2165,V
8257,HLA-B07:02,0.7481,V
8257,HLA-B15:01,21.45,V
8257,HLA-C03:04,3.3597,V
8257,HLA-C07:02,1.7628,V
13798,HLA-A01:01,71.9231,V
13798,HLA-A24:02,20.963,V
13798,HLA-B07:02,81.6667,V
13798,HLA-B15:01,83.3333,V
13798,HLA-C03:04,47.0,V
13798,HLA-C07:02,51.6667,V
13798,,,V
