Locus,Peptide,Peptide_label,MHC,EL_score_C,EL_score_V,EL_rank_C,EL_rank_V,EL_score_net,EL_rank_net
11099,HKLKGTETY,A11099G_15,HLA-A01:01,0.0151,0.115,3.8702,1.1752,-0.0999,2.6950000000000003
13798,KSSTMIRTNY,A13798C_26,HLA-A01:01,0.1505,0.2337,0.9416,0.6682,-0.0832,0.2734
1959,EMEQVVEVY,A1959G_15,HLA-A01:01,0.6021,0.7173,0.215,0.146,-0.11520000000000008,0.069
1959,AEMEQVVEVY,A1959G_24,HLA-A01:01,0.2038,0.3147,0.745,0.5169,-0.11089999999999997,0.22809999999999997
1959,QAEMEQVVEVY,A1959G_34,HLA-A01:01,0.364,0.3262,0.4416,0.4978,0.0378,-0.05620000000000003
1959,EMEQVVEVYEY,A1959G_36,HLA-A01:01,0.26,0.3751,0.6115,0.4251,-0.11509999999999998,0.18640000000000007
2894,MTNDRLEAM,A2894G_13,HLA-A01:01,0.0691,0.0244,1.6267,2.9964,0.04469999999999999,-1.3697
5156,NNDFHFEVF,A5156G_10,HLA-A01:01,0.0555,0.0331,1.8599,2.5406,0.022400000000000003,-0.6806999999999999
5156,NNDFHFEVF,A5156G_1,HLA-A01:01,0.0555,0.0331,1.8599,2.5406,0.022400000000000003,-0.6806999999999999
5325,NLKPQNQRKY,A5325C_20,HLA-A01:01,0.0964,0.0727,1.3165,1.5765,0.0237,-0.26
5325,NLKPQNQRKY,A5325C_2,HLA-A01:01,0.0964,0.0727,1.3165,1.5765,0.0237,-0.26
5519,ETLHSTTSEGY,A5519T_37,HLA-A01:01,0.4255,0.4188,0.3668,0.3735,0.006699999999999984,-0.006699999999999984
6293,TSKVLDLKNY,A6293G_18,HLA-A01:01,0.1618,0.1584,0.8852,0.8977,0.0033999999999999864,-0.012500000000000067
6293,LTSKVLDLKNY,A6293G_28,HLA-A01:01,0.3065,0.306,0.5307,0.5314,0.0005000000000000004,-0.0007000000000000339
6305,YIDKQLLPI,A6305C_13,HLA-A01:01,0.0436,0.0494,2.1776,1.9907,-0.0058,0.18690000000000007
6305,YIDKQLLPI,A6305G_13,HLA-A01:01,0.0436,0.0873,2.1776,1.4002,-0.0437,0.7774000000000001
6518,ITNDQKKLM,A6518G_10,HLA-A01:01,0.0269,0.0968,2.8654,1.3133,-0.06989999999999999,1.5521000000000003
6518,ITNDQKKLM,A6518G_1,HLA-A01:01,0.0269,0.0968,2.8654,1.3133,-0.06989999999999999,1.5521000000000003
6851,NIDIFNPKY,A6851G_16,HLA-A01:01,0.88,0.8176,0.0654,0.0893,0.06240000000000001,-0.023900000000000005
6851,CNIDIFNPKY,A6851G_25,HLA-A01:01,0.2086,0.2163,0.7307,0.7079,-0.007699999999999985,0.022800000000000042
6851,LCNIDIFNPKY,A6851G_35,HLA-A01:01,0.178,0.233,0.8261,0.6697,-0.05500000000000002,0.15639999999999998
1365,DTIKILKDAGY,C1365A_32,HLA-A01:01,0.0752,0.0735,1.5453,1.5663,0.001700000000000007,-0.02100000000000013
5459,LQSTTSEGY,C5459A_14,HLA-A01:01,0.1587,0.0016,0.8964,14.0378,0.15710000000000002,-13.1414
5459,TLQSTTSEGY,C5459A_23,HLA-A01:01,0.3842,0.0006,0.4117,24.9348,0.3836,-24.5231
5459,ETLQSTTSEGY,C5459A_33,HLA-A01:01,0.4418,0.0005,0.3506,27.5714,0.4413,-27.2208
5459,QSTTSEGY,C5459A_6,HLA-A01:01,0.0649,0.0001,1.6877,61.9048,0.0648,-60.2171
5480,EGYPSPSQVY,C5480T_23,HLA-A01:01,0.1422,0.064,0.9896,1.7014,0.07819999999999999,-0.7118
5480,SEGYPSPSQVY,C5480T_33,HLA-A01:01,0.0735,0.0451,1.5666,2.1273,0.028399999999999995,-0.5607
5480,YPSPSQVY,C5480T_6,HLA-A01:01,0.0609,0.2506,1.7566,0.6319,-0.18969999999999998,1.1246999999999998
6450,VTTPVSTYM,C6450A_10,HLA-A01:01,0.1315,0.1161,1.0582,1.1668,0.015400000000000011,-0.10860000000000003
6450,AGVTTPVSTY,C6450A_18,HLA-A01:01,0.1116,0.0696,1.2005,1.6195,0.04200000000000001,-0.41900000000000004
6450,VTTPVSTYM,C6450A_1,HLA-A01:01,0.1315,0.1161,1.0582,1.1668,0.015400000000000011,-0.10860000000000003
6450,NAGVTTPVSTY,C6450A_28,HLA-A01:01,0.0786,0.0428,1.5013,2.2063,0.035800000000000005,-0.7050000000000001
6450,GVTTPVSTY,C6450A_9,HLA-A01:01,0.2272,0.1547,0.6822,0.9176,0.07250000000000001,-0.23539999999999994
8268,TSNCRVTMY,C8268T_16,HLA-A01:01,0.5624,0.4623,0.24,0.3303,0.10010000000000002,-0.09029999999999999
8268,ITSNCRVTMY,C8268T_25,HLA-A01:01,0.4011,0.0749,0.391,1.5484,0.32620000000000005,-1.1574
8305,MYNQKNTLY,C8305A_11,HLA-A01:01,0.1196,0.0655,1.1407,1.6782,0.054099999999999995,-0.5374999999999999
8305,TMYNQKNTLY,C8305A_20,HLA-A01:01,0.2933,0.1471,0.5529,0.9613,0.1462,-0.4084000000000001
8305,TMYNQKNTLY,C8305A_2,HLA-A01:01,0.2933,0.1471,0.5529,0.9613,0.1462,-0.4084000000000001
8305,VTMYNQKNTLY,C8305A_30,HLA-A01:01,0.5689,0.376,0.2359,0.4239,0.19289999999999996,-0.188
8305,VTMYNQKNTLY,C8305A_3,HLA-A01:01,0.5689,0.376,0.2359,0.4239,0.19289999999999996,-0.188
14037,TGCKISIEY,G14037A_11,HLA-A01:01,0.1211,0.1001,1.1293,1.2857,0.021000000000000005,-0.1564000000000001
14037,STGCKISIEY,G14037A_20,HLA-A01:01,0.4823,0.4495,0.3105,0.343,0.032799999999999996,-0.03250000000000003
14037,STGCKISIEY,G14037A_2,HLA-A01:01,0.4823,0.4495,0.3105,0.343,0.032799999999999996,-0.03250000000000003
14037,SSTGCKISIEY,G14037A_30,HLA-A01:01,0.316,0.2758,0.5147,0.5824,0.040200000000000014,-0.06769999999999998
14037,SSTGCKISIEY,G14037A_3,HLA-A01:01,0.316,0.2758,0.5147,0.5824,0.040200000000000014,-0.06769999999999998
14042,STGCKISIEY,G14042A_18,HLA-A01:01,0.4823,0.4218,0.3105,0.3704,0.0605,-0.05990000000000001
14042,SSTGCKISIEY,G14042A_28,HLA-A01:01,0.316,0.2812,0.5147,0.5733,0.0348,-0.058599999999999985
14042,TGCKISIEY,G14042A_9,HLA-A01:01,0.1211,0.1184,1.1293,1.1497,0.002699999999999994,-0.020399999999999974
141,VALLKITCY,G141A_16,HLA-A01:01,0.1058,0.1007,1.2435,1.2818,0.005100000000000007,-0.0383
141,EVALLKITCY,G141A_25,HLA-A01:01,0.0555,0.0344,1.8611,2.4827,0.0211,-0.6215999999999999
5778,SSQNITEEF,G5778A_15,HLA-A01:01,0.1651,0.0135,0.873,4.116,0.15159999999999998,-3.2429999999999994
5778,SQNITEEFY,G5778A_16,HLA-A01:01,0.2447,0.1951,0.6447,0.7706,0.049600000000000005,-0.1258999999999999
5778,SSQNITEEFY,G5778A_25,HLA-A01:01,0.7535,0.1415,0.127,0.9934,0.612,-0.8664
5778,ASSQNITEEFY,G5778A_35,HLA-A01:01,0.5147,0.4747,0.2796,0.318,0.040000000000000036,-0.03839999999999999
5882,YTSVITIEL,G5882A_9,HLA-A01:01,0.0872,0.0739,1.4007,1.5616,0.013300000000000006,-0.16090000000000004
9650,ITDAANKAQK,G9650A_19,HLA-A01:01,0.0579,0.0755,1.8125,1.5406,-0.017599999999999998,0.27190000000000003
4725,RTWDTLNHLL,T4725A_19,HLA-A01:01,0.0938,0.0811,1.3403,1.4715,0.012699999999999989,-0.13119999999999998
4725,HLLFISSCLY,T4725A_26,HLA-A01:01,0.0726,0.054,1.578,1.8896,0.0186,-0.3115999999999999
4725,RTWDTLNHLLF,T4725A_30,HLA-A01:01,0.0456,0.0671,2.1129,1.6559,-0.021500000000000005,0.45699999999999985
4725,RTWDTLNHLLF,T4725A_3,HLA-A01:01,0.0456,0.0671,2.1129,1.6559,-0.021500000000000005,0.45699999999999985
4886,IIQDATNQIK,T4886C_25,HLA-A01:01,0.0079,0.0567,5.5839,1.8366,-0.048799999999999996,3.7473
4998,ELHHNPPLY,T4998C_3,HLA-A01:01,0.322,0.101,0.5046,1.2796,0.221,-0.775
4998,CPELHHNPPLY,T4998C_7,HLA-A01:01,0.0848,0.0109,1.4292,4.6423,0.0739,-3.2131
5146,NNDFHFEVF,T5146A_13,HLA-A01:01,0.0555,0.0574,1.8599,1.8232,-0.001899999999999999,0.03670000000000018
5205,PVGPSAREY,T5205C_15,HLA-A01:01,0.1119,0.0979,1.1981,1.3029,0.013999999999999999,-0.1048
5205,QPVGPSAREY,T5205C_24,HLA-A01:01,0.0973,0.1442,1.3083,0.9779,-0.0469,0.3304
5205,IQPVGPSAREY,T5205C_34,HLA-A01:01,0.0482,0.0581,2.0252,1.8074,-0.009899999999999999,0.2178
5458,LQSTTSEGY,T5458C_14,HLA-A01:01,0.1587,0.071,0.8964,1.5978,0.08770000000000001,-0.7014000000000001
5458,TLQSTTSEGY,T5458C_23,HLA-A01:01,0.3842,0.5251,0.4117,0.2699,-0.14090000000000003,0.14180000000000004
5458,ETLQSTTSEGY,T5458C_33,HLA-A01:01,0.4418,0.3818,0.3506,0.4151,0.06000000000000005,-0.0645
5458,QSTTSEGY,T5458C_6,HLA-A01:01,0.0649,0.0034,1.6877,9.1287,0.0615,-7.441000000000001
11099,KEYAGIGHKL,A11099G_18,HLA-A24:02,0.704,0.6108,0.1602,0.218,0.09319999999999995,-0.05779999999999999
11099,YKEYAGIGHKL,A11099G_28,HLA-A24:02,0.6238,0.5239,0.209,0.2864,0.09989999999999999,-0.0774
11099,EYAGIGHKL,A11099G_9,HLA-A24:02,0.8302,0.7509,0.0876,0.1342,0.07930000000000004,-0.046600000000000016
4431,VFHNKTFEL,A4431C_12,HLA-A24:02,0.6235,0.5234,0.2092,0.2868,0.10010000000000008,-0.0776
4431,EYNVFHNKTF,A4431C_19,HLA-A24:02,0.5268,0.6562,0.2837,0.1886,-0.12939999999999996,0.09510000000000002
5156,DFHFEVFNF,A5156G_12,HLA-A24:02,0.3943,0.4284,0.4096,0.3751,-0.03410000000000002,0.03450000000000003
5156,NDFHFEVFNF,A5156G_21,HLA-A24:02,0.0489,0.0861,1.8718,1.3701,-0.0372,0.5016999999999998
5156,FHFEVFNF,A5156G_4,HLA-A24:02,0.0434,0.0364,1.9782,2.203,0.006999999999999999,-0.2247999999999999
5519,VYTTFGQEETL,A5519T_29,HLA-A24:02,0.4514,0.4836,0.3535,0.3234,-0.03219999999999995,0.03009999999999996
6293,NYIDKQLLPI,A6293G_26,HLA-A24:02,0.4533,0.2525,0.3517,0.6373,0.20079999999999998,-0.28559999999999997
6293,NYIDKQLLPIV,A6293G_37,HLA-A24:02,0.0804,0.0275,1.4243,2.513,0.0529,-1.0887
6293,NYIDKQLL,A6293G_7,HLA-A24:02,0.1547,0.0599,0.9426,1.6714,0.0948,-0.7288
6305,NYIDKQLLPI,A6305C_22,HLA-A24:02,0.4533,0.3836,0.3517,0.4236,0.06969999999999998,-0.07189999999999996
6305,NYIDKQLLPIV,A6305C_33,HLA-A24:02,0.0804,0.0653,1.4243,1.5953,0.015100000000000002,-0.17100000000000004
6305,NYIDKQLLPI,A6305G_22,HLA-A24:02,0.4533,0.3459,0.3517,0.4727,0.1074,-0.121
6305,NYIDKQLLPIV,A6305G_33,HLA-A24:02,0.0804,0.0598,1.4243,1.6731,0.0206,-0.24880000000000013
6306,NYIDKQLLPI,A6306G_22,HLA-A24:02,0.4533,0.3164,0.3517,0.5155,0.13689999999999997,-0.16379999999999995
6306,NYIDKQLLPIV,A6306G_33,HLA-A24:02,0.0804,0.0453,1.4243,1.9409,0.0351,-0.5166000000000002
6378,EFQQKNNRL,A6378G_13,HLA-A24:02,0.0692,0.0496,1.5473,1.857,0.0196,-0.3097000000000001
9416,TWISNCLNTL,A9416G_19,HLA-A24:02,0.1764,0.0797,0.8504,1.4321,0.09670000000000001,-0.5816999999999999
13661,LYHPTPETL,C13661T_13,HLA-A24:02,0.9661,0.9053,0.0113,0.0416,0.060799999999999965,-0.0303
13661,KLYHPTPETL,C13661T_22,HLA-A24:02,0.7822,0.5284,0.1149,0.2823,0.2538,-0.1674
13661,LYHPTPETLE,C13661T_23,HLA-A24:02,0.0639,0.0147,1.6155,3.4074,0.0492,-1.7919
13661,NKLYHPTPETL,C13661T_32,HLA-A24:02,0.5064,0.2341,0.3021,0.6759,0.2723,-0.37379999999999997
13661,KLYHPTPETLE,C13661T_33,HLA-A24:02,0.0426,0.0094,1.9955,4.1311,0.0332,-2.1356
13661,YHPTPETL,C13661T_5,HLA-A24:02,0.1644,0.0564,0.8978,1.7291,0.10799999999999998,-0.8313
5480,GYPSPSQVY,C5480T_14,HLA-A24:02,0.3637,0.2839,0.4495,0.575,0.07980000000000004,-0.12549999999999994
5480,EGYPSPSQVY,C5480T_23,HLA-A24:02,0.0896,0.042,1.3381,2.0103,0.047599999999999996,-0.6721999999999999
5480,PSPSQVYTTF,C5480T_26,HLA-A24:02,0.0582,0.1216,1.6961,1.1191,-0.0634,0.577
5480,SEGYPSPSQVY,C5480T_33,HLA-A24:02,0.1775,0.1143,0.8462,1.1616,0.06319999999999999,-0.3154
5480,YPSPSQVYTTF,C5480T_36,HLA-A24:02,0.0516,0.3013,1.8196,0.5433,-0.2497,1.2763
5484,AHHKSIQHL,C5484T_16,HLA-A24:02,0.0432,0.1051,1.9832,1.2178,-0.0619,0.7654000000000001
6450,TTPVSTYML,C6450A_11,HLA-A24:02,0.0612,0.0318,1.6531,2.3618,0.029399999999999996,-0.7087000000000001
6450,TYMLTNSEL,C6450A_16,HLA-A24:02,0.6735,0.4877,0.1784,0.3196,0.18579999999999997,-0.1412
6450,STYMLTNSEL,C6450A_25,HLA-A24:02,0.1201,0.1201,1.1278,1.1278,0.0,0.0
6450,TYMLTNSELL,C6450A_26,HLA-A24:02,0.4393,0.2686,0.3648,0.6036,0.17070000000000002,-0.2388
6450,VSTYMLTNSEL,C6450A_35,HLA-A24:02,0.1059,0.1059,1.2122,1.2122,0.0,0.0
8305,MYNQKNTLY,C8305A_11,HLA-A24:02,0.2732,0.2206,0.5946,0.7061,0.05260000000000001,-0.11149999999999993
8305,MYNQKNTLYI,C8305A_21,HLA-A24:02,0.2309,0.2142,0.6826,0.7252,0.016699999999999993,-0.04259999999999997
14037,SIEYILKDLKI,G14037A_37,HLA-A24:02,0.1097,0.0468,1.1882,1.912,0.06290000000000001,-0.7238
14042,EYILKDLKI,G14042A_16,HLA-A24:02,0.6218,0.8473,0.2104,0.0776,-0.22550000000000003,0.1328
14042,IEYILKDLKI,G14042A_25,HLA-A24:02,0.2317,0.2317,0.681,0.681,0.0,0.0
14042,SIEYILKDLKI,G14042A_35,HLA-A24:02,0.1097,0.1097,1.1882,1.1882,0.0,0.0
5778,SSQNITEEF,G5778A_15,HLA-A24:02,0.1081,0.0465,1.1973,1.9165,0.0616,-0.7192000000000001
5882,WYTSVITIEL,G5882A_18,HLA-A24:02,0.0778,0.1181,1.4514,1.1393,-0.0403,0.31210000000000004
6302,IDKQLLPIV,G6302T_15,HLA-A24:02,0.0003,0.3718,17.5778,0.4389,-0.3715,17.1389
6302,NYIDKQLLPI,G6302T_23,HLA-A24:02,0.4533,0.0956,0.3517,1.2866,0.35769999999999996,-0.9349
6302,NYIDKQLLPIV,G6302T_34,HLA-A24:02,0.0804,0.0086,1.4243,4.3102,0.0718,-2.8859000000000004
6302,NYIDKQLL,G6302T_4,HLA-A24:02,0.1547,0.0957,0.9426,1.2856,0.05900000000000001,-0.3430000000000001
6302,IDKQLLPI,G6302T_6,HLA-A24:02,0.0001,0.0544,30.6667,1.7674,-0.054299999999999994,28.8993
12692,IVFQNCISF,T12692G_14,HLA-A24:02,0.1115,0.0564,1.1777,1.7288,0.0551,-0.5510999999999999
12692,VFQNCISF,T12692G_6,HLA-A24:02,0.1107,0.0018,1.1825,8.6387,0.10890000000000001,-7.4562
4725,TWDTLNHLL,T4725A_10,HLA-A24:02,0.3817,0.2408,0.4261,0.6618,0.1409,-0.23570000000000008
4725,RTWDTLNHLL,T4725A_19,HLA-A24:02,0.0989,0.0572,1.2624,1.7138,0.0417,-0.4514
4725,TWDTLNHLL,T4725A_1,HLA-A24:02,0.3817,0.2408,0.4261,0.6618,0.1409,-0.23570000000000008
4725,TWDTLNHLLF,T4725A_20,HLA-A24:02,0.5494,0.4526,0.2634,0.3524,0.0968,-0.08899999999999997
4725,TWDTLNHLLF,T4725A_2,HLA-A24:02,0.5494,0.4526,0.2634,0.3524,0.0968,-0.08899999999999997
4725,RTWDTLNHLLF,T4725A_30,HLA-A24:02,0.135,0.1067,1.0425,1.2067,0.028300000000000006,-0.16420000000000012
4725,RTWDTLNHLLF,T4725A_3,HLA-A24:02,0.135,0.1067,1.0425,1.2067,0.028300000000000006,-0.16420000000000012
4725,RTWDTLNHL,T4725A_9,HLA-A24:02,0.0746,0.0566,1.4839,1.7246,0.018000000000000002,-0.24069999999999991
4763,LYKLNLKSI,T4763C_11,HLA-A24:02,0.305,0.3611,0.5364,0.4528,-0.05609999999999998,0.08360000000000001
4826,SLIIAAIIF,T4826C_13,HLA-A24:02,0.018,0.0489,3.104,1.8705,-0.0309,1.2335
4838,SLIIAAIIF,T4838C_9,HLA-A24:02,0.018,0.1057,3.104,1.2136,-0.0877,1.8904
4927,TYLTQNPQL,T4927C_15,HLA-A24:02,0.8054,0.0116,0.0988,3.7946,0.7938000000000001,-3.6958
4927,PTYLTQNPQL,T4927C_24,HLA-A24:02,0.1303,0.0002,1.0691,18.9211,0.1301,-17.852
4927,TPTYLTQNPQL,T4927C_34,HLA-A24:02,0.1673,0.0004,0.8861,15.8696,0.1669,-14.9835
4927,TYLTQNPQLGI,T4927C_36,HLA-A24:02,0.1491,0.0006,0.9687,13.4775,0.14850000000000002,-12.508799999999999
5146,DFHFEVFNF,T5146A_15,HLA-A24:02,0.3943,0.0172,0.4096,3.18,0.3771,-2.7704
5146,NDFHFEVFNF,T5146A_24,HLA-A24:02,0.0489,0.0006,1.8718,13.8198,0.048299999999999996,-11.948
5146,FHFEVFNF,T5146A_7,HLA-A24:02,0.0434,0.0608,1.9782,1.6587,-0.0174,0.3194999999999999
5161,DFHFEVFNF,T5161C_10,HLA-A24:02,0.3943,0.3541,0.4096,0.462,0.04019999999999996,-0.0524
5161,VFNFVPCSI,T5161C_15,HLA-A24:02,0.1399,0.0018,1.0145,8.6134,0.1381,-7.5989
5161,NDFHFEVFNF,T5161C_19,HLA-A24:02,0.0489,0.0601,1.8718,1.6694,-0.011200000000000002,0.2023999999999999
5161,DFHFEVFNF,T5161C_1,HLA-A24:02,0.3943,0.3541,0.4096,0.462,0.04019999999999996,-0.0524
5162,DFHFEVFNF,T5162A_10,HLA-A24:02,0.3943,0.4323,0.4096,0.3714,-0.038000000000000034,0.03820000000000001
5162,VFNFVPCSI,T5162A_15,HLA-A24:02,0.1399,0.668,1.0145,0.1816,-0.5281,0.8329
5162,NDFHFEVFNF,T5162A_19,HLA-A24:02,0.0489,0.0638,1.8718,1.6168,-0.014899999999999997,0.2549999999999999
5162,DFHFEVFNF,T5162A_1,HLA-A24:02,0.3943,0.4323,0.4096,0.3714,-0.038000000000000034,0.03820000000000001
2894,MTNDRLEAM,A2894G_13,HLA-B07:02,0.0521,0.0615,2.1818,1.9669,-0.009399999999999999,0.21489999999999987
3651,NPTHDIIAL,A3651G_14,HLA-B07:02,0.4541,0.6635,0.4445,0.248,-0.20939999999999998,0.1965
3651,LNPTHDIIAL,A3651G_23,HLA-B07:02,0.0959,0.223,1.4905,0.8572,-0.1271,0.6333
3651,TLNPTHDIIAL,A3651G_33,HLA-B07:02,0.0829,0.1774,1.6206,0.989,-0.0945,0.6316
5094,LPSKPTTKQ,A5094C_13,HLA-B07:02,0.0852,0.0385,1.5932,2.5239,0.0467,-0.9306999999999999
5121,KPQNKPNNDF,A5121C_26,HLA-B07:02,0.4683,0.0977,0.4243,1.4751,0.3706,-1.0508000000000002
5156,KPNNDFHFEV,A5156G_18,HLA-B07:02,0.1762,0.0856,0.9926,1.5888,0.0906,-0.5962
5156,KPNNDFHFEVF,A5156G_29,HLA-B07:02,0.2138,0.3187,0.8793,0.6477,-0.1049,0.23159999999999992
5325,KPQNQRKYS,A5325C_12,HLA-B07:02,0.0428,0.1666,2.4079,1.0334,-0.1238,1.3745
5325,NQRKYSPPS,A5325C_15,HLA-B07:02,0.0004,0.1679,21.8163,1.0274,-0.16749999999999998,20.788899999999998
5325,KPQNQRKYSP,A5325C_22,HLA-B07:02,0.04,0.1518,2.4773,1.1012,-0.11179999999999998,1.3761
5325,NQRKYSPPSP,A5325C_25,HLA-B07:02,0.0002,0.0708,30.6471,1.8087,-0.0706,28.8384
5325,KPQNQRKYSPP,A5325C_33,HLA-B07:02,0.0157,0.0871,4.0455,1.5749,-0.07139999999999999,2.4705999999999997
6507,MPITNDQKKL,A6507T_22,HLA-B07:02,0.1935,0.193,0.9374,0.9391,0.0005000000000000004,-0.0017000000000000348
6507,MPITNDQKKLM,A6507T_33,HLA-B07:02,0.1562,0.1056,1.081,1.4081,0.050600000000000006,-0.32709999999999995
6518,MPITNDQKKL,A6518G_18,HLA-B07:02,0.1935,0.292,0.9374,0.7009,-0.09849999999999998,0.23650000000000004
6518,MPITNDQKKLM,A6518G_29,HLA-B07:02,0.1562,0.1037,1.081,1.4247,0.052500000000000005,-0.3437000000000001
13661,HPTPETLES,C13661T_15,HLA-B07:02,0.0629,0.0002,1.9431,27.9048,0.06269999999999999,-25.9617
13661,HPTPETLESI,C13661T_25,HLA-B07:02,0.2719,0.0007,0.7449,18.1299,0.2712,-17.384999999999998
13661,PTPETLESIL,C13661T_26,HLA-B07:02,0.0015,0.1014,12.4963,1.4438,-0.0999,11.0525
13661,HPTPETLESIL,C13661T_36,HLA-B07:02,0.4802,0.0382,0.4075,2.5386,0.442,-2.1311
14616,VVQNAKLIL,C14616T_12,HLA-B07:02,0.0778,0.0753,1.6886,1.729,0.0024999999999999883,-0.04039999999999999
1579,SPDCGMIIL,C1579A_15,HLA-B07:02,0.4593,0.004,0.4372,7.9865,0.4553,-7.549300000000001
3647,NPTHDIIAL,C3647A_16,HLA-B07:02,0.4541,0.8925,0.4445,0.0741,-0.43839999999999996,0.3704
3647,LNPTHDIIAL,C3647A_25,HLA-B07:02,0.0959,0.0968,1.4905,1.4832,-0.000899999999999998,0.007299999999999862
3647,TLNPTHDIIAL,C3647A_35,HLA-B07:02,0.0829,0.0806,1.6206,1.6518,0.0022999999999999965,-0.031199999999999894
5459,ETLQSTTSE,C5459A_12,HLA-B07:02,0.0002,0.077,30.0,1.6989,-0.0768,28.301099999999998
5459,STTSEGYPS,C5459A_16,HLA-B07:02,0.0001,0.3226,37.75,0.6399,-0.3225,37.1101
5459,ETLQSTTSEG,C5459A_22,HLA-B07:02,0.0,0.2951,63.5714,0.6948,-0.2951,62.876599999999996
5459,ETLQSTTSEGY,C5459A_33,HLA-B07:02,0.0002,0.8755,31.5333,0.0845,-0.8753,31.448800000000002
5480,YPSPSQVYT,C5480T_15,HLA-B07:02,0.1804,0.0007,0.9793,17.9659,0.1797,-16.986600000000003
5480,YPSPSQVYTT,C5480T_25,HLA-B07:02,0.0675,0.0002,1.8658,30.0,0.0673,-28.1342
5480,PSPSQVYTTF,C5480T_26,HLA-B07:02,0.086,0.2293,1.5851,0.8418,-0.1433,0.7433
5480,YPSPSQVYTTF,C5480T_36,HLA-B07:02,0.6495,0.1767,0.2573,0.9912,0.4728,-0.7339
5480,YPSPSQVY,C5480T_6,HLA-B07:02,0.0918,0.0008,1.5284,16.2613,0.09100000000000001,-14.732899999999999
5484,AIRAHHKSI,C5484T_13,HLA-B07:02,0.241,0.1337,0.8137,1.1903,0.10729999999999998,-0.37659999999999993
5484,RAHHKSIQHL,C5484T_25,HLA-B07:02,0.0698,0.0684,1.8255,1.8493,0.0013999999999999985,-0.023800000000000043
5610,HPAQQNNSH,C5610T_15,HLA-B07:02,0.197,0.002,0.9264,10.8974,0.195,-9.971
8268,ITSNCRVTM,C8268T_15,HLA-B07:02,0.0377,0.0773,2.5609,1.6956,-0.039599999999999996,0.8653000000000002
10116,RLPKKVDLEM,G10116A_26,HLA-B07:02,0.7774,0.3497,0.1576,0.5902,0.42769999999999997,-0.4326
10116,FRLPKKVDLEM,G10116A_36,HLA-B07:02,0.1421,0.1386,1.1491,1.166,0.003500000000000003,-0.016899999999999915
8113,LPADVLKKTI,G8113T_22,HLA-B07:02,0.2132,0.1792,0.8808,0.983,0.034,-0.10219999999999996
9650,AANKAQKNL,G9650A_12,HLA-B07:02,0.0756,0.076,1.7235,1.7171,-0.0003999999999999976,0.006399999999999961
3361,VPMFQSSMPA,T3361C_19,HLA-B07:02,0.1325,0.1938,1.1963,0.9367,-0.06129999999999999,0.25959999999999994
3361,MPADLLIKEL,T3361C_26,HLA-B07:02,0.4586,0.4255,0.4382,0.4853,0.03310000000000002,-0.04710000000000003
3361,VPMFQSSMP,T3361C_9,HLA-B07:02,0.041,0.1096,2.4521,1.3747,-0.0686,1.0774000000000001
4353,HMITTIISL,T4353C_11,HLA-B07:02,0.0426,0.0867,2.412,1.5782,-0.0441,0.8337999999999999
4358,ISLIIIISI,T4358C_15,HLA-B07:02,0.0003,0.15,27.0476,1.1099,-0.1497,25.9377
4763,NLKSIAQITL,T4763C_25,HLA-B07:02,0.0061,0.7359,6.4765,0.1931,-0.7298,6.283399999999999
4763,NLKSIAQI,T4763C_6,HLA-B07:02,0.0003,0.1221,25.3,1.2737,-0.1218,24.0263
4787,SIAQITLSI,T4787C_10,HLA-B07:02,0.0552,0.1064,2.1057,1.4012,-0.051199999999999996,0.7045000000000001
4787,SIAQITLSI,T4787C_1,HLA-B07:02,0.0552,0.1064,2.1057,1.4012,-0.051199999999999996,0.7045000000000001
4787,SIAQITLSIL,T4787C_20,HLA-B07:02,0.0265,0.064,3.0845,1.9259,-0.037500000000000006,1.1585999999999999
4787,SIAQITLSIL,T4787C_2,HLA-B07:02,0.0265,0.064,3.0845,1.9259,-0.037500000000000006,1.1585999999999999
4793,IAQITLSIL,T4793C_9,HLA-B07:02,0.0236,0.0855,3.2973,1.5899,-0.06190000000000001,1.7073999999999998
4805,LAMIISTSL,T4805C_13,HLA-B07:02,0.1749,0.2663,0.9967,0.757,-0.09139999999999998,0.23970000000000002
4820,SLIIAAIIF,T4820C_15,HLA-B07:02,0.0014,0.3986,13.0896,0.5227,-0.3972,12.5669
4820,SLIIAAII,T4820C_6,HLA-B07:02,0.0001,0.0678,47.25,1.8614,-0.0677,45.3886
4927,TPTYLTQNPQL,T4927C_34,HLA-B07:02,0.1754,0.2209,0.9953,0.8622,-0.04550000000000001,0.1331
4960,NPQLGISFSNL,T4960C_30,HLA-B07:02,0.0928,0.1011,1.5192,1.4462,-0.008300000000000002,0.07300000000000018
4960,NPQLGISFSNL,T4960C_3,HLA-B07:02,0.0928,0.1011,1.5192,1.4462,-0.008300000000000002,0.07300000000000018
4961,NPQLGISFSNL,T4961C_30,HLA-B07:02,0.0928,0.3423,1.5192,0.6007,-0.2495,0.9185000000000001
4961,NPQLGISFSNL,T4961C_3,HLA-B07:02,0.0928,0.3423,1.5192,0.6007,-0.2495,0.9185000000000001
5003,ILASTTPSA,T5003C_15,HLA-B07:02,0.0052,0.5965,6.9951,0.2912,-0.5913,6.7039
5003,TILASTTPSA,T5003C_24,HLA-B07:02,0.0009,0.1295,15.8148,1.217,-0.1286,14.5978
5003,TTILASTTPSA,T5003C_34,HLA-B07:02,0.0003,0.0811,25.7333,1.6445,-0.08080000000000001,24.0888
5081,KIKNTPTTQIL,T5081C_28,HLA-B07:02,0.0406,0.1104,2.4631,1.368,-0.0698,1.0950999999999997
5146,KPNNDFHFEV,T5146A_21,HLA-B07:02,0.1762,0.2149,0.9926,0.8767,-0.03870000000000001,0.1159
5146,KPNNDFHFEVF,T5146A_32,HLA-B07:02,0.2138,0.2218,0.8793,0.86,-0.008000000000000007,0.019299999999999984
5205,QPVGPSAREY,T5205C_24,HLA-B07:02,0.0965,0.1462,1.4857,1.1288,-0.049699999999999994,0.3569
8102,LPADVLKKT,T8102C_16,HLA-B07:02,0.0383,0.1362,2.5333,1.1782,-0.09789999999999999,1.3551000000000002
8102,LPADVLKKTI,T8102C_26,HLA-B07:02,0.2132,0.5131,0.8808,0.3715,-0.2999,0.5093000000000001
11099,HKLKGTETY,A11099G_15,HLA-B15:01,0.3295,0.3939,0.8215,0.666,-0.06439999999999996,0.15549999999999997
11099,KLKGTETY,A11099G_7,HLA-B15:01,0.8146,0.2459,0.1026,1.1019,0.5687,-0.9993000000000001
13798,KSSTMIRTNY,A13798C_26,HLA-B15:01,0.124,0.0286,1.9246,4.4523,0.0954,-2.5277000000000003
13798,KLIKSSTM,A13798C_4,HLA-B15:01,0.1457,0.0855,1.7126,2.4602,0.06019999999999999,-0.7476
1959,VQAEMEQVV,A1959G_12,HLA-B15:01,0.125,0.1995,1.9126,1.332,-0.07450000000000001,0.5806
1959,EMEQVVEVY,A1959G_15,HLA-B15:01,0.3286,0.1463,0.8236,1.7064,0.1823,-0.8827999999999999
1959,AEMEQVVEVY,A1959G_24,HLA-B15:01,0.4035,0.2749,0.6443,0.9861,0.12860000000000005,-0.3418
1959,MEQVVEVYEY,A1959G_26,HLA-B15:01,0.2231,0.2771,1.1998,0.9779,-0.05400000000000002,0.2219
2894,MTNDRLEAM,A2894G_13,HLA-B15:01,0.1519,0.109,1.6606,2.1209,0.04290000000000001,-0.4602999999999997
3651,TMKTLNPTH,A3651G_9,HLA-B15:01,0.2688,0.2184,1.0093,1.2253,0.05039999999999997,-0.21599999999999997
4431,YNVFHNKTF,A4431C_10,HLA-B15:01,0.0516,0.1338,3.3016,1.824,-0.0822,1.4776
4431,YNVFHNKTF,A4431C_1,HLA-B15:01,0.0516,0.1338,3.3016,1.824,-0.0822,1.4776
5121,KPQNKPNNDF,A5121C_26,HLA-B15:01,0.3525,0.0832,0.7647,2.4939,0.2693,-1.7292
5325,NLKPQNQRKY,A5325C_20,HLA-B15:01,0.3788,0.3439,0.7001,0.7858,0.03490000000000004,-0.08570000000000011
5325,NLKPQNQRKY,A5325C_2,HLA-B15:01,0.3788,0.3439,0.7001,0.7858,0.03490000000000004,-0.08570000000000011
5519,ETLHSTTSEGY,A5519T_37,HLA-B15:01,0.0428,0.1522,3.6398,1.6581,-0.1094,1.9817000000000002
6378,FQQKNNRLL,A6378G_14,HLA-B15:01,0.2339,0.3757,1.1535,0.7078,-0.14179999999999998,0.4457
6530,SNVQIVRQQSY,A6530C_37,HLA-B15:01,0.6914,0.7297,0.2216,0.1742,-0.0383,0.0474
754,RKLDERQATF,A754G_26,HLA-B15:01,0.1986,0.0613,1.3377,2.9805,0.1373,-1.6428000000000003
1365,TIKILKDAGY,C1365A_22,HLA-B15:01,0.1118,0.1253,2.0808,1.9092,-0.013499999999999998,0.17159999999999997
1365,KILKDAGY,C1365A_5,HLA-B15:01,0.0448,0.1363,3.5464,1.7996,-0.0915,1.7468000000000001
13661,KLYHPTPETL,C13661T_22,HLA-B15:01,0.2429,0.1311,1.115,1.8513,0.11180000000000001,-0.7363
3647,TMKTLNPTH,C3647A_11,HLA-B15:01,0.2688,0.1853,1.0093,1.4211,0.08349999999999999,-0.41179999999999994
5459,LQSTTSEGY,C5459A_14,HLA-B15:01,0.8783,0.014,0.0597,6.1975,0.8643,-6.1377999999999995
5459,TLQSTTSEGY,C5459A_23,HLA-B15:01,0.5783,0.0001,0.3475,42.1429,0.5782,-41.7954
5480,GYPSPSQVY,C5480T_14,HLA-B15:01,0.1236,0.1563,1.9282,1.6238,-0.03269999999999999,0.3044
5480,EGYPSPSQVY,C5480T_23,HLA-B15:01,0.243,0.1238,1.1142,1.926,0.1192,-0.8117999999999999
5480,SEGYPSPSQVY,C5480T_33,HLA-B15:01,0.1287,0.137,1.8742,1.7937,-0.008300000000000002,0.08050000000000002
5480,YPSPSQVYTTF,C5480T_36,HLA-B15:01,0.0311,0.5944,4.2817,0.3258,-0.5633,3.9558999999999997
5480,YPSPSQVY,C5480T_6,HLA-B15:01,0.0418,0.6771,3.689,0.2412,-0.6353000000000001,3.4478
5484,RAHHKSIQH,C5484T_15,HLA-B15:01,0.0888,0.1594,2.4125,1.5992,-0.07059999999999998,0.8133000000000001
5610,HPAQQNNSH,C5610T_15,HLA-B15:01,0.0049,0.1324,9.8056,1.8378,-0.1275,7.9678
6450,AGVTTPVSTY,C6450A_18,HLA-B15:01,0.5866,0.3059,0.3364,0.8805,0.2807,-0.5441
6450,GVTTPVSTY,C6450A_9,HLA-B15:01,0.8321,0.6285,0.0875,0.2869,0.2036,-0.1994
8268,TSNCRVTMY,C8268T_16,HLA-B15:01,0.1576,0.2341,1.6132,1.1527,-0.07650000000000001,0.4604999999999999
8268,ITSNCRVTMY,C8268T_25,HLA-B15:01,0.0751,0.1416,2.672,1.7502,-0.0665,0.9218000000000002
8305,TMYNQKNTL,C8305A_10,HLA-B15:01,0.2851,0.1926,0.9484,1.3751,0.09250000000000003,-0.42669999999999997
8305,MYNQKNTLY,C8305A_11,HLA-B15:01,0.1297,0.0987,1.8642,2.2695,0.031000000000000014,-0.40529999999999977
8305,TMYNQKNTL,C8305A_1,HLA-B15:01,0.2851,0.1926,0.9484,1.3751,0.09250000000000003,-0.42669999999999997
8305,TMYNQKNTLY,C8305A_20,HLA-B15:01,0.7647,0.629,0.1467,0.2864,0.13570000000000004,-0.1397
8305,TMYNQKNTLY,C8305A_2,HLA-B15:01,0.7647,0.629,0.1467,0.2864,0.13570000000000004,-0.1397
8305,VTMYNQKNTLY,C8305A_30,HLA-B15:01,0.1222,0.076,1.9445,2.652,0.046200000000000005,-0.7075000000000002
8305,VTMYNQKNTLY,C8305A_3,HLA-B15:01,0.1222,0.076,1.9445,2.652,0.046200000000000005,-0.7075000000000002
10116,FRLPKKVDL,G10116A_15,HLA-B15:01,0.0009,0.1869,19.0268,1.411,-0.186,17.6158
10116,RLPKKVDLEM,G10116A_26,HLA-B15:01,0.2359,0.0903,1.1451,2.3916,0.1456,-1.2465
10116,FRLPKKVDLEM,G10116A_36,HLA-B15:01,0.0016,0.1694,15.3676,1.5235,-0.1678,13.8441
14037,TGCKISIEY,G14037A_11,HLA-B15:01,0.1654,0.1107,1.5541,2.0971,0.054699999999999985,-0.5430000000000001
14042,TGCKISIEY,G14042A_9,HLA-B15:01,0.1654,0.1149,1.5541,2.036,0.05049999999999999,-0.4819
141,VALLKITCY,G141A_16,HLA-B15:01,0.2999,0.2793,0.8956,0.9697,0.020600000000000007,-0.07410000000000005
5778,SSQNITEEF,G5778A_15,HLA-B15:01,0.2972,0.038,0.9036,3.867,0.25920000000000004,-2.9634
5778,SQNITEEFY,G5778A_16,HLA-B15:01,0.8344,0.4439,0.0861,0.5605,0.3905,-0.4744
5778,ASSQNITEEF,G5778A_24,HLA-B15:01,0.0863,0.1308,2.4487,1.8541,-0.0445,0.5946
5778,SSQNITEEFY,G5778A_25,HLA-B15:01,0.3212,0.3145,0.8422,0.859,0.006699999999999984,-0.016800000000000037
5778,ASSQNITEEFY,G5778A_35,HLA-B15:01,0.2042,0.2168,1.3021,1.234,-0.0126,0.06810000000000005
5778,SQNITEEF,G5778A_7,HLA-B15:01,0.5758,0.1717,0.3511,1.5065,0.4041,-1.1554
9650,AQKNLLSRV,G9650A_16,HLA-B15:01,0.1815,0.0923,1.4445,2.3622,0.0892,-0.9177000000000002
12692,IVFQNCISF,T12692G_14,HLA-B15:01,0.5699,0.3686,0.359,0.7252,0.20129999999999998,-0.36619999999999997
3441,TQGTLIKSH,T3441C_11,HLA-B15:01,0.1967,0.1858,1.3493,1.4181,0.01090000000000002,-0.06879999999999997
4353,HMITTIISL,T4353C_11,HLA-B15:01,0.4487,0.4877,0.5516,0.4815,-0.039000000000000035,0.0701
4358,HMITTIISL,T4358C_9,HLA-B15:01,0.4487,0.1502,0.5516,1.6739,0.2985,-1.1223
4371,SLIIIISIM,T4371C_12,HLA-B15:01,0.1087,0.2538,2.1249,1.0699,-0.1451,1.0549999999999997
4725,HLLFISSCLY,T4725A_26,HLA-B15:01,0.1921,0.1352,1.3783,1.8105,0.056900000000000006,-0.4321999999999999
4725,RTWDTLNHLLF,T4725A_30,HLA-B15:01,0.1259,0.1306,1.9017,1.8557,-0.004699999999999982,0.04600000000000004
4725,NHLLFISSCLY,T4725A_36,HLA-B15:01,0.0123,0.1257,6.5937,1.9042,-0.1134,4.689500000000001
4725,RTWDTLNHLLF,T4725A_3,HLA-B15:01,0.1259,0.1306,1.9017,1.8557,-0.004699999999999982,0.04600000000000004
4787,AQITLSILAM,T4787C_22,HLA-B15:01,0.5722,0.6764,0.3558,0.2422,-0.10419999999999996,0.1136
4793,AQITLSILAM,T4793C_20,HLA-B15:01,0.5722,0.6412,0.3558,0.2758,-0.06899999999999995,0.08000000000000002
4793,AQITLSILAM,T4793C_2,HLA-B15:01,0.5722,0.6412,0.3558,0.2758,-0.06899999999999995,0.08000000000000002
4820,SLIIAAIIF,T4820C_15,HLA-B15:01,0.2938,0.0093,0.9161,7.4827,0.28450000000000003,-6.5666
4823,SLIIAAIIF,T4823C_14,HLA-B15:01,0.2938,0.1825,0.9161,1.4386,0.11130000000000001,-0.5225000000000001
4826,SLIIAAIIF,T4826C_13,HLA-B15:01,0.2938,0.5961,0.9161,0.3235,-0.30229999999999996,0.5926
4838,SLIIAAIIF,T4838C_9,HLA-B15:01,0.2938,0.6107,0.9161,0.3038,-0.3169,0.6123000000000001
4998,ELHHNPPLY,T4998C_3,HLA-B15:01,0.4287,0.4314,0.5893,0.5842,-0.00269999999999998,0.005099999999999993
5205,QPVGPSAREY,T5205C_24,HLA-B15:01,0.1926,0.0812,1.3752,2.5345,0.1114,-1.1593
5205,IQPVGPSAREY,T5205C_34,HLA-B15:01,0.6913,0.7527,0.2217,0.1566,-0.06140000000000001,0.06510000000000002
5458,LQSTTSEGY,T5458C_14,HLA-B15:01,0.8783,0.7367,0.0597,0.1689,0.14159999999999995,-0.10919999999999999
5458,TLQSTTSEGY,T5458C_23,HLA-B15:01,0.5783,0.7531,0.3475,0.1563,-0.17479999999999996,0.19119999999999998
5458,ETLQSTTSEGY,T5458C_33,HLA-B15:01,0.0996,0.1241,2.2573,1.9232,-0.024500000000000008,0.33409999999999984
2894,MTNDRLEAM,A2894G_13,HLA-C03:04,0.4617,0.2912,0.248,0.3969,0.17049999999999998,-0.14889999999999998
4431,YNVFHNKTF,A4431C_10,HLA-C03:04,0.0836,0.1795,1.1105,0.6097,-0.0959,0.5008
4431,VFHNKTFEL,A4431C_12,HLA-C03:04,0.0415,0.04,1.725,1.7593,0.0015000000000000013,-0.0343
4431,YNVFHNKTF,A4431C_1,HLA-C03:04,0.0836,0.1795,1.1105,0.6097,-0.0959,0.5008
5519,TTFGQEETL,A5519T_10,HLA-C03:04,0.294,0.517,0.3939,0.2,-0.22300000000000003,0.19389999999999996
5519,YTTFGQEETL,A5519T_19,HLA-C03:04,0.0528,0.1441,1.4961,0.7324,-0.0913,0.7636999999999999
5519,TTFGQEETL,A5519T_1,HLA-C03:04,0.294,0.517,0.3939,0.2,-0.22300000000000003,0.19389999999999996
6305,YIDKQLLPI,A6305C_13,HLA-C03:04,0.0339,0.0461,1.931,1.6303,-0.012200000000000003,0.30069999999999997
6305,YIDKQLLPI,A6305G_13,HLA-C03:04,0.0339,0.0997,1.931,0.9686,-0.0658,0.9624
6306,YIDKQLLPI,A6306G_13,HLA-C03:04,0.0339,0.013,1.931,3.0961,0.020900000000000002,-1.1650999999999998
6378,FQQKNNRLL,A6378G_14,HLA-C03:04,0.2192,0.1199,0.515,0.8428,0.0993,-0.3278
6507,ITNDQKKLM,A6507T_14,HLA-C03:04,0.1336,0.2182,0.7768,0.5173,-0.08460000000000001,0.25950000000000006
6507,ITNDQKKL,A6507T_5,HLA-C03:04,0.024,0.0478,2.3382,1.5973,-0.0238,0.7409000000000001
6518,ITNDQKKLM,A6518G_10,HLA-C03:04,0.1336,0.1619,0.7768,0.6672,-0.028299999999999992,0.10960000000000003
6518,ITNDQKKLM,A6518G_1,HLA-C03:04,0.1336,0.1619,0.7768,0.6672,-0.028299999999999992,0.10960000000000003
9416,NTLNKSLGL,A9416G_16,HLA-C03:04,0.0493,0.006,1.5676,4.392,0.0433,-2.8244000000000002
13661,LYHPTPETL,C13661T_13,HLA-C03:04,0.1229,0.0421,0.8271,1.7106,0.0808,-0.8835
13661,YHPTPETL,C13661T_5,HLA-C03:04,0.0369,0.0074,1.8393,3.9988,0.029500000000000002,-2.1595000000000004
14616,FNVVQNAKL,C14616T_10,HLA-C03:04,0.0324,0.0604,1.9886,1.3808,-0.028000000000000004,0.6077999999999999
14616,VVQNAKLIL,C14616T_12,HLA-C03:04,0.1664,0.159,0.6525,0.6764,0.00739999999999999,-0.023900000000000032
14616,FNVVQNAKL,C14616T_1,HLA-C03:04,0.0324,0.0604,1.9886,1.3808,-0.028000000000000004,0.6077999999999999
5480,EGYPSPSQV,C5480T_13,HLA-C03:04,0.0357,0.0042,1.872,5.103,0.0315,-3.231
5480,YPSPSQVYTTF,C5480T_36,HLA-C03:04,0.0364,0.0207,1.8533,2.4727,0.015700000000000002,-0.6194000000000002
5925,NGTDAKVKL,C5925T_12,HLA-C03:04,0.0192,0.0446,2.5662,1.6589,-0.025400000000000002,0.9072999999999998
6450,VTTPVSTYM,C6450A_10,HLA-C03:04,0.6321,0.5168,0.1241,0.2001,0.11529999999999996,-0.076
6450,VTTPVSTYM,C6450A_1,HLA-C03:04,0.6321,0.5168,0.1241,0.2001,0.11529999999999996,-0.076
6450,VTTPVSTYML,C6450A_20,HLA-C03:04,0.0327,0.0195,1.9757,2.5419,0.0132,-0.5662
6450,VTTPVSTYML,C6450A_2,HLA-C03:04,0.0327,0.0195,1.9757,2.5419,0.0132,-0.5662
8268,ITSNCRVTM,C8268T_15,HLA-C03:04,0.1643,0.0613,0.6593,1.3672,0.10300000000000001,-0.7079
8305,TMYNQKNTL,C8305A_10,HLA-C03:04,0.2038,0.1444,0.5506,0.7314,0.05940000000000001,-0.18080000000000007
8305,TMYNQKNTL,C8305A_1,HLA-C03:04,0.2038,0.1444,0.5506,0.7314,0.05940000000000001,-0.18080000000000007
10116,FRLPKKVDL,G10116A_15,HLA-C03:04,0.0079,0.1931,3.8911,0.5755,-0.1852,3.3156
4975,GTTSQSTTI,G4975A_16,HLA-C03:04,0.0059,0.0328,4.4337,1.9711,-0.026900000000000004,2.4626
5778,SSQNITEEF,G5778A_15,HLA-C03:04,0.1158,0.002,0.864,6.9157,0.1138,-6.0517
5778,FASSQNITEEF,G5778A_34,HLA-C03:04,0.0745,0.0523,1.2045,1.5054,0.022199999999999998,-0.30090000000000017
5882,YTSVITIEL,G5882A_9,HLA-C03:04,0.8081,0.5557,0.0525,0.1698,0.25240000000000007,-0.11730000000000002
6302,YIDKQLLPI,G6302T_14,HLA-C03:04,0.0339,0.0742,1.931,1.2075,-0.0403,0.7235
9650,AANKAQKNL,G9650A_12,HLA-C03:04,0.3012,0.3027,0.3864,0.3848,-0.0015000000000000013,0.0016000000000000458
12692,IVFQNCISF,T12692G_14,HLA-C03:04,0.1808,0.1337,0.6053,0.7762,0.047099999999999975,-0.17090000000000005
3361,FQSSMPADL,T3361C_12,HLA-C03:04,0.0703,0.1295,1.2494,0.7939,-0.0592,0.4555
3361,SSMPADLLI,T3361C_14,HLA-C03:04,0.0762,0.0353,1.1868,1.8824,0.040900000000000006,-0.6956
3441,TLIKSHDKL,T3441C_14,HLA-C03:04,0.0329,0.007,1.968,4.0942,0.0259,-2.1262
4353,HMITTIISL,T4353C_11,HLA-C03:04,0.3013,0.387,0.3863,0.2974,-0.0857,0.08889999999999998
4358,HMITTIISL,T4358C_9,HLA-C03:04,0.3013,0.0728,0.3863,1.2227,0.2285,-0.8363999999999999
4371,IIISIMIAI,T4371C_15,HLA-C03:04,0.0067,0.0335,4.2079,1.9461,-0.0268,2.2618000000000005
4725,RTWDTLNHL,T4725A_9,HLA-C03:04,0.225,0.2676,0.5018,0.4331,-0.0426,0.06870000000000004
4787,SIAQITLSI,T4787C_10,HLA-C03:04,0.072,0.0896,1.2317,1.054,-0.017600000000000005,0.17769999999999997
4787,IAQITLSIL,T4787C_11,HLA-C03:04,0.5237,0.7603,0.1944,0.0726,-0.23659999999999992,0.12179999999999999
4787,QITLSILAM,T4787C_13,HLA-C03:04,0.0154,0.0604,2.8679,1.3816,-0.045,1.4863000000000002
4787,SIAQITLSI,T4787C_1,HLA-C03:04,0.072,0.0896,1.2317,1.054,-0.017600000000000005,0.17769999999999997
4787,ITLSILAM,T4787C_5,HLA-C03:04,0.0306,0.0638,2.0609,1.3297,-0.03319999999999999,0.7312000000000001
4793,ILAMIISTSL,T4793C_26,HLA-C03:04,0.0641,0.0387,1.3251,1.791,0.025400000000000006,-0.4659
4793,IAQITLSIL,T4793C_9,HLA-C03:04,0.5237,0.8349,0.1944,0.0433,-0.3111999999999999,0.15109999999999998
4805,LAMIISTSL,T4805C_13,HLA-C03:04,0.8859,0.9635,0.0253,0.0058,-0.0776,0.0195
4805,MIISTSLII,T4805C_15,HLA-C03:04,0.0216,0.0721,2.4346,1.2299,-0.050499999999999996,1.2047
4805,ILAMIISTSL,T4805C_22,HLA-C03:04,0.0641,0.1952,1.3251,0.5705,-0.1311,0.7545999999999999
4805,SILAMIISTSL,T4805C_32,HLA-C03:04,0.0166,0.0626,2.7774,1.3475,-0.046,1.4299000000000002
4820,MIISTSLII,T4820C_10,HLA-C03:04,0.0216,0.0351,2.4346,1.8889,-0.013499999999999998,0.5457000000000001
4820,STSLIIAAI,T4820C_13,HLA-C03:04,0.0136,0.1768,3.0252,0.6184,-0.1632,2.4068
4820,MIISTSLII,T4820C_1,HLA-C03:04,0.0216,0.0351,2.4346,1.8889,-0.013499999999999998,0.5457000000000001
4823,MIISTSLII,T4823C_9,HLA-C03:04,0.0216,0.1104,2.4346,0.8925,-0.08879999999999999,1.5421
4886,IIQDATNQI,T4886C_15,HLA-C03:04,0.0455,0.0748,1.6417,1.2009,-0.029300000000000007,0.44079999999999986
4927,YLTQNPQL,T4927C_7,HLA-C03:04,0.0561,0.0076,1.4468,3.9581,0.048499999999999995,-2.5113
5081,KNTPTTQIL,T5081C_9,HLA-C03:04,0.0286,0.1113,2.1445,0.8874,-0.0827,1.2570999999999999
11099,HKLKGTETY,A11099G_15,HLA-C07:02,0.1115,0.0171,0.4873,2.1682,0.0944,-1.6809
11099,KEYAGIGHKL,A11099G_18,HLA-C07:02,0.0253,0.045,1.6315,1.0591,-0.0197,0.5724
11099,YKEYAGIGHKL,A11099G_28,HLA-C07:02,0.06,0.1012,0.8307,0.5292,-0.0412,0.3015
11099,EYAGIGHKL,A11099G_9,HLA-C07:02,0.3003,0.3913,0.1705,0.1148,-0.09099999999999997,0.05570000000000001
2894,MTNDRLEAM,A2894G_13,HLA-C07:02,0.0299,0.0146,1.4492,2.3976,0.0153,-0.9484000000000001
2894,DRLEAMARL,A2894G_16,HLA-C07:02,0.0324,0.08,1.3689,0.6515,-0.0476,0.7174
4431,YNVFHNKTF,A4431C_10,HLA-C07:02,0.0268,0.033,1.5686,1.3506,-0.006200000000000001,0.21799999999999997
4431,VFHNKTFEL,A4431C_12,HLA-C07:02,0.424,0.2897,0.1006,0.179,0.13429999999999997,-0.0784
4431,KTFELPRAR,A4431C_16,HLA-C07:02,0.0193,0.008,1.9712,3.4008,0.011300000000000001,-1.4295999999999998
4431,YNVFHNKTF,A4431C_1,HLA-C07:02,0.0268,0.033,1.5686,1.3506,-0.006200000000000001,0.21799999999999997
4431,FHNKTFEL,A4431C_4,HLA-C07:02,0.1523,0.1078,0.3765,0.4976,0.044499999999999984,-0.12109999999999999
5156,FHFEVFNFV,A5156G_13,HLA-C07:02,0.1084,0.0703,0.4957,0.7273,0.038099999999999995,-0.23159999999999997
5156,FHFEVFNF,A5156G_4,HLA-C07:02,0.0663,0.0563,0.7646,0.8754,0.009999999999999995,-0.11080000000000001
5325,LKPQNQRKY,A5325C_11,HLA-C07:02,0.1235,0.2047,0.4535,0.2651,-0.0812,0.1884
5519,TTFGQEETL,A5519T_10,HLA-C07:02,0.0073,0.0236,3.5496,1.7083,-0.0163,1.8413
5519,TTFGQEETL,A5519T_1,HLA-C07:02,0.0073,0.0236,3.5496,1.7083,-0.0163,1.8413
5519,VYTTFGQEETL,A5519T_29,HLA-C07:02,0.0151,0.0245,2.3533,1.6674,-0.0094,0.6859
6293,NYIDKQLL,A6293G_7,HLA-C07:02,0.1117,0.0202,0.4865,1.9076,0.0915,-1.4211
6378,FQQKNNRLL,A6378G_14,HLA-C07:02,0.0404,0.0417,1.1556,1.1239,-0.0013000000000000025,0.03170000000000006
754,NHECIVRKL,A754G_10,HLA-C07:02,0.0259,0.003,1.6027,5.7586,0.0229,-4.155900000000001
754,NHECIVRKL,A754G_1,HLA-C07:02,0.0259,0.003,1.6027,5.7586,0.0229,-4.155900000000001
754,VRKLDERQATF,A754G_36,HLA-C07:02,0.034,0.0011,1.3192,9.3402,0.032900000000000006,-8.020999999999999
13661,LYHPTPETL,C13661T_13,HLA-C07:02,0.7922,0.5121,0.0089,0.0711,0.2801,-0.0622
13661,KLYHPTPETL,C13661T_22,HLA-C07:02,0.078,0.0187,0.666,2.0145,0.0593,-1.3485
13661,NKLYHPTPETL,C13661T_32,HLA-C07:02,0.0448,0.0082,1.0624,3.3514,0.0366,-2.2889999999999997
13661,YHPTPETL,C13661T_5,HLA-C07:02,0.1572,0.0578,0.3646,0.8569,0.09940000000000002,-0.4923
1579,YRHDSPDCGM,C1579A_21,HLA-C07:02,0.0692,0.0552,0.7376,0.8892,0.013999999999999999,-0.15159999999999996
5480,GYPSPSQVY,C5480T_14,HLA-C07:02,0.5741,0.4186,0.0496,0.103,0.15550000000000003,-0.053399999999999996
5480,EGYPSPSQVY,C5480T_23,HLA-C07:02,0.0845,0.0283,0.6195,1.5067,0.05620000000000001,-0.8871999999999999
5480,SEGYPSPSQVY,C5480T_33,HLA-C07:02,0.1922,0.0739,0.2858,0.6958,0.11830000000000002,-0.41
5480,YPSPSQVY,C5480T_6,HLA-C07:02,0.0571,0.0282,0.866,1.513,0.0289,-0.6469999999999999
5484,AHHKSIQHL,C5484T_16,HLA-C07:02,0.232,0.3065,0.2305,0.1651,-0.07449999999999998,0.06540000000000001
6450,VTTPVSTYM,C6450A_10,HLA-C07:02,0.0399,0.0269,1.1668,1.5626,0.012999999999999998,-0.39579999999999993
6450,TYMLTNSEL,C6450A_16,HLA-C07:02,0.2655,0.2407,0.1963,0.2211,0.024800000000000016,-0.02479999999999999
6450,VTTPVSTYM,C6450A_1,HLA-C07:02,0.0399,0.0269,1.1668,1.5626,0.012999999999999998,-0.39579999999999993
6450,GVTTPVSTY,C6450A_9,HLA-C07:02,0.02,0.0079,1.9203,3.4143,0.0121,-1.494
8305,TMYNQKNTL,C8305A_10,HLA-C07:02,0.0504,0.0465,0.9671,1.034,0.0039000000000000007,-0.06690000000000007
8305,MYNQKNTLY,C8305A_11,HLA-C07:02,0.5112,0.4599,0.0713,0.0877,0.05130000000000001,-0.016399999999999998
8305,TMYNQKNTL,C8305A_1,HLA-C07:02,0.0504,0.0465,0.9671,1.034,0.0039000000000000007,-0.06690000000000007
8305,TMYNQKNTLY,C8305A_20,HLA-C07:02,0.0239,0.0157,1.6926,2.2919,0.008200000000000002,-0.5992999999999999
8305,TMYNQKNTLY,C8305A_2,HLA-C07:02,0.0239,0.0157,1.6926,2.2919,0.008200000000000002,-0.5992999999999999
10116,FYREFRLPK,G10116A_11,HLA-C07:02,0.0147,0.0194,2.3924,1.9667,-0.004700000000000001,0.42569999999999997
10116,FRLPKKVDL,G10116A_15,HLA-C07:02,0.5887,0.1104,0.0464,0.4901,0.4783,-0.4437
10116,FRLPKKVDLEM,G10116A_36,HLA-C07:02,0.1142,0.0053,0.4796,4.2708,0.1089,-3.7912000000000003
10116,LRFYREFRL,G10116A_9,HLA-C07:02,0.1679,0.3008,0.3384,0.1701,-0.13290000000000002,0.16829999999999998
14042,EYILKDLKI,G14042A_16,HLA-C07:02,0.0101,0.0317,2.9576,1.3893,-0.0216,1.5682999999999998
141,LFDNDEVAL,G141A_10,HLA-C07:02,0.0401,0.0354,1.163,1.2799,0.004699999999999996,-0.1169
141,VALLKITCY,G141A_16,HLA-C07:02,0.02,0.0207,1.9191,1.8767,-0.0006999999999999992,0.04239999999999999
141,LFDNDEVAL,G141A_1,HLA-C07:02,0.0401,0.0354,1.163,1.2799,0.004699999999999996,-0.1169
5882,YTSVITIEL,G5882A_9,HLA-C07:02,0.0518,0.0358,0.9427,1.2701,0.016,-0.3274
6302,IDKQLLPIV,G6302T_15,HLA-C07:02,0.0001,0.0329,30.6667,1.3536,-0.032799999999999996,29.3131
6302,NYIDKQLL,G6302T_4,HLA-C07:02,0.1117,0.0531,0.4865,0.9204,0.05859999999999999,-0.4339
12692,IVFQNCISF,T12692G_14,HLA-C07:02,0.0276,0.0067,1.5372,3.7398,0.0209,-2.2026
4353,HMITTIISL,T4353C_11,HLA-C07:02,0.0758,0.0559,0.6822,0.8811,0.019900000000000008,-0.19889999999999997
4358,HMITTIISL,T4358C_9,HLA-C07:02,0.0758,0.0096,0.6822,3.0469,0.06620000000000001,-2.3647
4725,TWDTLNHLL,T4725A_10,HLA-C07:02,0.1558,0.1115,0.3678,0.4871,0.04429999999999999,-0.11929999999999996
4725,TWDTLNHLL,T4725A_1,HLA-C07:02,0.1558,0.1115,0.3678,0.4871,0.04429999999999999,-0.11929999999999996
4725,RTWDTLNHL,T4725A_9,HLA-C07:02,0.0276,0.0401,1.5355,1.162,-0.012499999999999997,0.37350000000000017
4763,LYKLNLKSI,T4763C_11,HLA-C07:02,0.0146,0.0341,2.3993,1.3161,-0.019499999999999997,1.0832000000000002
4927,TYLTQNPQL,T4927C_15,HLA-C07:02,0.3178,0.0678,0.1551,0.7513,0.25,-0.5962
4927,IKNTTPTYL,T4927C_9,HLA-C07:02,0.1131,0.0813,0.4827,0.6427,0.03180000000000001,-0.16000000000000003
4998,LHHNPPLY,T4998C_1,HLA-C07:02,0.0496,0.0216,0.9796,1.822,0.027999999999999997,-0.8424
5081,KNTPTTQIL,T5081C_9,HLA-C07:02,0.0105,0.0298,2.908,1.4561,-0.019299999999999998,1.4519
5146,NKPNNDFHF,T5146A_10,HLA-C07:02,0.035,0.0322,1.2897,1.3736,0.002800000000000004,-0.08389999999999986
5146,FHFEVFNFV,T5146A_16,HLA-C07:02,0.1084,0.0598,0.4957,0.8336,0.0486,-0.33790000000000003
5146,NKPNNDFHF,T5146A_1,HLA-C07:02,0.035,0.0322,1.2897,1.3736,0.002800000000000004,-0.08389999999999986
5146,FHFEVFNF,T5146A_7,HLA-C07:02,0.0663,0.0358,0.7646,1.269,0.0305,-0.5044
5161,DFHFEVFNF,T5161C_10,HLA-C07:02,0.0146,0.0224,2.4006,1.7754,-0.0078,0.6251999999999998
5161,FHFEVFNFV,T5161C_11,HLA-C07:02,0.1084,0.0903,0.4957,0.5841,0.01809999999999999,-0.08839999999999998
5161,DFHFEVFNF,T5161C_1,HLA-C07:02,0.0146,0.0224,2.4006,1.7754,-0.0078,0.6251999999999998
5162,DFHFEVFNF,T5162A_10,HLA-C07:02,0.0146,0.0195,2.4006,1.9542,-0.0049,0.4463999999999999
5162,FHFEVFNFV,T5162A_11,HLA-C07:02,0.1084,0.0929,0.4957,0.5712,0.0155,-0.07550000000000007
5162,VFNFVPCSI,T5162A_15,HLA-C07:02,0.0091,0.0699,3.1504,0.7319,-0.06080000000000001,2.4185
5162,DFHFEVFNF,T5162A_1,HLA-C07:02,0.0146,0.0195,2.4006,1.9542,-0.0049,0.4463999999999999
5205,IQPVGPSAREY,T5205C_34,HLA-C07:02,0.0212,0.0224,1.8436,1.7731,-0.0011999999999999997,0.07050000000000001
