Locus,Consensus,Variant,Count_A_t1,Count_C_t1,Count_G_t1,Count_T_t1,Total_Reads_t1,Count_A_t29,Count_C_t29,Count_G_t29,Count_T_t29,Total_Reads_t29,Count_A_t50,Count_C_t50,Count_G_t50,Count_T_t50,Total_Reads_t50,Count_A_t74,Count_C_t74,Count_G_t74,Count_T_t74,Total_Reads_t74,Count_A_t83,Count_C_t83,Count_G_t83,Count_T_t83,Total_Reads_t83,Count_A_t99,Count_C_t99,Count_G_t99,Count_T_t99,Total_Reads_t99,Count_A_t111,Count_C_t111,Count_G_t111,Count_T_t111,Total_Reads_t111,Count_A_t119,Count_C_t119,Count_G_t119,Count_T_t119,Total_Reads_t119,Count_A_t125,Count_C_t125,Count_G_t125,Count_T_t125,Total_Reads_t125,Count_A_t140,Count_C_t140,Count_G_t140,Count_T_t140,Total_Reads_t140
11,A,G,312,0,4,0,316,231,0,2,0,233,369,0,6,0,375,357,0,1,0,358,483,0,0,0,483,220,0,1,0,221,46,0,32,0,78,143,0,5,0,148,0,0,0,0,0,351,0,8,0,359
18,A,G,379,0,0,0,379,281,0,4,0,285,447,0,10,0,457,424,0,15,0,439,479,0,0,0,479,253,0,0,0,253,81,0,0,0,81,164,1,18,0,183,0,0,0,0,0,309,0,115,0,424
141,G,A,0,1,1321,0,1322,0,0,1225,1,1226,0,0,1563,0,1563,0,0,1196,0,1196,0,0,983,0,983,0,0,875,0,875,23,0,198,0,221,0,0,863,0,863,0,0,0,0,0,0,0,1361,0,1361
380,T,C,0,0,0,6509,6509,0,3,0,5735,5738,2,60,1,5833,5896,0,18,0,5506,5524,0,277,0,2838,3115,0,0,0,3489,3489,0,0,0,1068,1068,0,302,0,3265,3567,0,0,0,156,156,4,831,2,5131,5968
576,G,A,0,1,8154,9,8164,2,1,7208,6,7217,4,3,7881,3,7891,2,1,8024,7,8034,0,0,5658,2,5660,0,0,6223,0,6223,0,0,1951,0,1951,1,0,5491,3,5495,38,0,77,0,115,16,5,9210,4,9235
754,A,G,13922,3,12,2,13939,11206,0,10,3,11219,11334,0,7,2,11343,11992,7,9,3,12011,8788,0,50,1,8839,8936,0,0,7,8943,3373,0,0,0,3373,8646,1,5,4,8656,190,0,44,0,234,12376,1,17,5,12399
811,C,T,1,12977,0,2,12980,3,11032,0,6,11041,5,10906,0,1,10912,5,11296,0,1,11302,54,7883,0,0,7937,0,8297,0,51,8348,0,2980,0,0,2980,1,8129,0,10,8140,0,248,0,47,295,3,11606,0,24,11633
977,C,A,0,4814,1,0,4815,1,4149,0,3,4153,3,4534,1,2,4540,2,4339,0,0,4341,0,3496,0,0,3496,0,4013,0,0,4013,0,1315,0,0,1315,0,3605,0,2,3607,63,176,0,0,239,8,4498,0,0,4506
1009,A,G,3713,3,18,2,3736,3389,2,8,0,3399,3867,1,16,2,3886,3785,0,18,2,3805,2466,0,94,1,2561,3620,0,6,1,3627,1002,0,0,0,1002,3219,0,27,2,3248,87,0,38,0,125,3870,0,32,0,3902
1056,T,A,2,6,6,4125,4139,0,7,0,4580,4587,4,3,0,5003,5010,5,4,4,5148,5161,0,0,24,3102,3126,0,0,0,4708,4708,0,0,0,1291,1291,0,9,2,3161,3172,26,0,0,112,138,2,6,4,4895,4907
1082,G,A,1,0,5902,1,5904,7,0,6844,1,6852,0,8,7312,2,7322,52,10,7672,5,7739,2,0,4921,0,4923,0,0,6471,0,6471,0,0,1588,0,1588,377,1,3701,8,4087,0,0,226,0,226,1251,11,5998,5,7265
1365,C,A,11,14878,0,0,14889,11,15477,1,0,15489,10,15304,0,0,15314,2,16632,3,2,16639,0,11548,0,0,11548,0,12661,0,0,12661,54,3535,0,1,3590,650,8004,0,7,8661,0,153,0,0,153,2343,13269,1,4,15617
1472,C,T,3,9194,3,0,9200,7,10242,0,54,10303,8,9902,0,6,9916,6,10368,0,1,10375,0,7647,0,77,7724,0,8205,0,25,8230,0,2131,0,294,2425,0,5710,0,515,6225,0,68,0,0,68,4,7850,0,1423,9277
1579,C,A,4,10726,0,1,10731,4,11268,0,2,11274,4,11205,0,0,11209,3,11565,0,1,11569,0,9929,0,1,9930,4,8638,0,34,8676,0,2872,0,0,2872,0,7279,0,2,7281,99,51,0,0,150,7,10498,1,2,10508
1940,C,T,6,51725,2,7,51740,13,48486,3,25,48527,14,39092,0,40,39146,11,54099,0,31,54141,0,43772,0,0,43772,6,50520,0,76,50602,0,20130,0,161,20291,4,47139,0,73,47216,0,1309,0,458,1767,13,46034,2,228,46277
1959,A,G,48209,2,4,4,48219,42609,0,3,0,42612,36364,0,8,2,36374,49036,1,8,0,49045,36930,1,1,0,36932,46994,1,4,1,47000,18465,0,3,0,18468,44131,0,7,0,44138,1184,0,276,0,1460,42449,1,9,3,42462
2403,C,T,6,11334,0,4,11344,7,11712,6,4,11729,4,9915,0,3,9922,6,11129,1,4,11140,0,8742,0,255,8997,39,8683,0,8,8730,0,2785,0,64,2849,6,7407,0,501,7914,0,174,0,0,174,8,8975,2,1270,10255
2454,C,T,4,10851,2,4,10861,7,10162,0,1,10170,1,9161,0,2,9164,8,9885,1,1,9895,1,7067,0,28,7096,5,7501,0,37,7543,0,2324,0,0,2324,0,6063,0,577,6640,0,42,0,0,42,3,7572,0,1831,9406
2894,A,G,22404,7,18,3,22432,18039,0,14,2,18055,16894,4,11,4,16913,19946,3,19,7,19975,13077,0,2,2,13081,15788,0,28,1,15817,7357,0,27,0,7384,17202,9,12,9,17232,339,0,98,0,437,19161,7,27,4,19199
2919,C,T,6,24272,3,15,24296,11,19619,0,3,19633,8,18442,2,1,18453,0,22139,0,9,22148,1,15508,0,0,15509,2,17213,0,0,17215,0,9108,0,1,9109,24,20696,1,44,20765,0,671,0,138,809,7,21671,2,13,21693
3072,C,T,21,18180,0,3,18204,7,16989,0,5,17001,16,13858,0,4,13878,6,16208,0,3,16217,0,16191,0,70,16261,7,13665,0,87,13759,0,6346,0,118,6464,10,13963,0,1455,15428,0,724,0,0,724,13,13335,0,2777,16125
3136,T,C,1,16,3,11143,11163,0,18,1,11428,11447,1,63,1,9797,9862,2,15,0,11011,11028,0,1209,1,8799,10009,0,49,0,8950,8999,2,379,28,3518,3927,0,140,0,11627,11767,0,0,0,652,652,0,13,0,11853,11866
3149,A,G,11279,0,6,1,11286,11900,0,4,0,11904,10166,0,5,0,10171,11199,2,14,5,11220,10514,0,0,0,10514,9213,1,0,0,9214,3857,0,0,0,3857,11917,3,13,4,11937,413,0,88,0,501,12430,5,5,1,12441
3361,T,C,9,32,10,40288,40339,9,14,3,28852,28878,4,25,5,30233,30267,7,39,12,37274,37332,0,1,0,25876,25877,4,34,0,32196,32234,0,110,0,13772,13882,11,34,2,35475,35522,0,0,0,1105,1105,9,5121,7,30797,35934
3441,T,C,1,3,8,43785,43797,2,3,0,33085,33090,2,42,0,32498,32542,3,4447,0,36418,40868,3,63,0,28823,28889,2,1153,0,33796,34951,0,1,0,13859,13860,0,11,2,36220,36233,0,0,0,772,772,2,11,7,39260,39280
3647,C,A,3,11216,3,0,11222,7,9712,0,2,9721,6,10235,0,0,10241,10,11214,0,4,11228,1,7695,0,0,7696,0,9849,0,29,9878,0,2682,0,0,2682,764,7998,1,12,8775,1,411,0,0,412,1799,8915,1,2,10717
3651,A,G,10323,5,20,6,10354,9377,6,6,1,9390,9669,1,16,1,9687,10421,0,16,0,10437,7283,0,0,1,7284,9278,0,13,0,9291,2494,0,0,0,2494,8099,2,21,2,8124,275,0,69,0,344,10057,4,17,5,10083
3692,A,T,6248,1,4,0,6253,6411,0,5,0,6416,6785,0,3,0,6788,6745,1,3,0,6749,5167,0,0,0,5167,6445,0,3,1,6449,1762,0,0,28,1790,4761,1,4,746,5512,311,0,0,1,312,6696,1,6,15,6718
4044,T,C,0,0,0,14378,14378,1,11,2,16833,16847,2,6,0,14178,14186,2,10,1,15661,15674,2,2,1,16383,16388,1,1314,2,10937,12254,0,2,0,3967,3969,5,15,1,14338,14359,0,0,0,127,127,0,2,1,16018,16021
4090,T,C,1,5,1,7741,7748,2,4,0,8978,8984,0,128,0,8198,8326,0,1,0,8727,8728,2,168,0,8400,8570,0,1,1,6658,6660,0,0,0,2152,2152,1,729,0,7835,8565,0,0,0,51,51,3,1701,1,7284,8989
4282,T,C,0,0,0,4046,4046,3,5,0,4207,4215,0,2,0,4244,4246,0,2,1,3891,3894,0,0,0,3236,3236,0,42,0,2776,2818,0,166,0,1039,1205,2,0,0,2854,2856,0,0,0,82,82,0,11,0,4007,4018
4353,T,C,0,0,2,4344,4346,0,6,1,4708,4715,0,6,0,4492,4498,0,43,0,4263,4306,0,85,0,4805,4890,0,58,0,3563,3621,0,164,0,986,1150,0,322,0,3355,3677,0,0,0,233,233,1,548,0,3644,4193
4358,T,C,0,0,0,4417,4417,2,2,1,4697,4702,0,1,1,4457,4459,4,32,0,4246,4282,1,83,0,4746,4830,0,34,0,3595,3629,0,131,0,971,1102,8,330,0,3365,3703,0,0,0,226,226,3,568,0,3620,4191
4371,T,C,1,7,0,4853,4861,0,15,0,5507,5522,0,7,0,4915,4922,1,22,0,4680,4703,0,196,0,6239,6435,0,349,0,3884,4233,0,242,0,1034,1276,2,443,0,3659,4104,0,0,0,258,258,0,731,0,3982,4713
4431,A,C,10521,0,0,0,10521,11814,0,0,1,11815,9327,0,0,0,9327,10040,0,2,3,10045,15477,0,0,0,15477,8867,0,0,0,8867,3143,0,0,0,3143,9752,0,1,0,9753,463,59,0,0,522,10170,0,29,0,10199
4533,T,C,1,2,0,16859,16862,5,5,0,17966,17976,0,3,0,14689,14692,2,4,0,16536,16542,0,407,0,22338,22745,0,66,1,13284,13351,0,331,0,4519,4850,2,1119,0,13397,14518,0,0,0,551,551,0,2136,3,14321,16460
4592,A,T,12453,1,3,2,12459,13752,0,2,561,14315,11837,1,1,191,12030,13646,0,2,5,13653,16180,0,0,2216,18396,12064,1,0,1,12066,4790,0,0,74,4864,14153,0,1,75,14229,450,0,0,0,450,13706,0,2,183,13891
4606,A,T,12294,0,8,4,12306,13648,0,5,0,13653,11559,0,6,4,11569,13419,0,4,2,13425,17166,27,0,1,17194,12237,0,0,10,12247,4767,0,69,1,4837,12883,0,14,1496,14393,480,0,0,0,480,10966,1,5,2613,13585
4617,C,T,2,12252,0,3,12257,5,13635,0,5,13645,1,11463,0,4,11468,2,13527,0,0,13529,0,17268,0,114,17382,0,12739,0,84,12823,0,5009,0,0,5009,0,14840,0,29,14869,0,250,0,189,439,1,13621,0,6,13628
4644,T,C,2,57,73,12685,12817,3,26,10,12660,12699,2,50,17,11241,11310,9,88,31,14043,14171,0,4,1,15218,15223,1,18,11,13261,13291,0,134,58,5069,5261,3,67,15,15923,16008,0,64,0,448,512,5,88,26,13555,13674
4725,T,A,0,4,1,20219,20224,2,0,2,14977,14981,278,0,3,14069,14350,2084,0,0,16148,18232,1427,0,2,14448,15877,8186,0,0,7372,15558,453,0,0,5132,5585,5039,1,0,13180,18220,67,0,0,687,754,196,0,2,16250,16448
4763,T,C,0,467,6,15809,16282,1,1866,0,10698,12565,0,257,0,11503,11760,1,139,0,14945,15085,1,421,0,13468,13890,2,0,0,12548,12550,0,0,0,4780,4780,0,42,0,14469,14511,0,0,0,491,491,0,16,0,12741,12757
4764,T,C,9,1193,2,15172,16376,3,1923,0,10829,12755,0,252,0,11585,11837,3,9,0,15207,15219,0,321,0,13597,13918,0,0,0,12598,12598,0,0,0,4833,4833,3,30,0,14627,14660,0,0,0,531,531,2,12,0,12824,12838
4770,T,C,1,8,3,16189,16201,3,52,0,12638,12693,2,93,0,11471,11566,0,1182,3,13605,14790,0,58,0,13523,13581,0,194,0,11717,11911,0,22,0,4746,4768,5,2014,1,12150,14170,0,0,0,534,534,3,4657,1,7604,12265
4786,T,C,1,107,0,16309,16417,7,969,1,11203,12180,2,443,0,10894,11339,2,107,0,13180,13289,1,271,1,13207,13480,2,18,1,11137,11158,0,0,0,5366,5366,0,1621,0,13029,14650,0,0,0,460,460,0,2657,1,9500,12158
4787,T,C,2,219,1,16222,16444,3,1260,0,10862,12125,2,818,0,10523,11343,4,8154,0,2780,10938,1,1661,0,11821,13483,0,7953,0,2803,10756,0,512,0,4896,5408,3,4642,0,10202,14847,0,183,0,271,454,4,2036,0,10216,12256
4791,T,C,4,622,1,15796,16423,2,2831,1,9239,12073,11,877,0,10345,11233,4,5454,1,5329,10788,1,440,0,13485,13926,0,2051,0,8716,10767,0,47,0,5314,5361,3,107,0,15033,15143,0,81,0,366,447,9,51,0,12243,12303
4793,T,C,5,1209,3,15104,16321,3,2907,0,9210,12120,7,1030,1,9938,10976,0,5419,3,5214,10636,0,466,0,13344,13810,0,2008,0,8539,10547,0,46,0,5146,5192,7,117,3,14975,15102,0,83,0,347,430,2,50,4,12046,12102
4794,T,C,5,47,5,16274,16331,1,1132,3,11323,12459,4,630,2,10420,11056,6,5331,1,5266,10604,0,1848,0,12348,14196,20,2023,0,8465,10508,30,220,0,5046,5296,20,2035,6,13243,15304,0,87,0,423,510,6,2450,3,9744,12203
4795,T,C,3,52,10,16527,16592,3,543,5,12101,12652,3,311,2,10952,11268,5,6153,2,5362,11522,0,99,1,14281,14381,1,2254,1,8560,10816,0,45,0,5405,5450,11,164,23,15576,15774,0,108,0,463,571,5,72,5,12349,12431
4805,T,C,18,75,7,15870,15970,283,1581,2,10861,12727,23,553,2,10431,11009,90,9739,0,5176,15005,66,137,1,14463,14667,2,3231,0,8698,11931,0,180,0,5141,5321,3,137,0,16141,16281,0,82,0,554,636,1,46,0,12365,12412
4820,T,C,9,2154,1,14749,16913,4,3606,3,10673,14286,4,245,6,11322,11577,8,529,0,16836,17373,1,2524,2,13386,15913,1,56,1,13499,13557,33,247,0,5746,6026,3,5160,1,14165,19329,0,6,0,785,791,7,6277,0,7525,13809
4821,T,C,0,561,1,16678,17240,1,1370,0,13236,14607,1,127,0,11744,11872,14,11877,0,5852,17743,1,49,0,16393,16443,0,4019,0,9741,13760,1,239,0,5855,6095,0,90,0,19761,19851,0,84,0,756,840,0,69,0,14109,14178
4823,T,C,1,130,0,17601,17732,0,1289,0,14007,15296,0,520,2,11697,12219,6,13748,0,4317,18071,0,2765,0,15091,17856,0,10117,0,3998,14115,1,821,0,5399,6221,0,5907,0,14779,20686,0,465,0,521,986,0,311,1,14313,14625
4826,T,C,1,11,3,18449,18464,1,746,0,15240,15987,5,201,3,12498,12707,55,12615,0,6385,19055,0,452,1,18679,19132,11,4191,0,10651,14853,0,247,0,5962,6209,6,45,0,21457,21508,0,82,0,961,1043,3,65,5,15017,15090
4838,T,C,0,345,0,21337,21682,1,1213,0,18221,19435,1,869,0,13701,14571,0,1894,1,23569,25464,0,4925,0,19093,24018,0,581,3,19029,19613,0,443,0,7176,7619,5,8986,4,17678,26673,0,48,0,1109,1157,0,11136,3,7242,18381
4857,T,C,6,78,5,31305,31394,7,1164,1,24944,26116,0,26,1,18939,18966,4,22098,0,11119,33221,0,2,1,30967,30970,0,7639,0,18628,26267,1,472,0,11430,11903,1,408,0,37837,38246,0,51,0,1357,1408,5,278,3,24615,24901
4871,T,C,0,552,2,32813,33367,1,3716,0,23904,27621,0,2546,0,17222,19768,17,23304,1,10542,33864,2,5409,0,27806,33217,0,7612,0,21348,28960,0,1257,0,11707,12964,6,11622,0,29760,41388,0,33,0,1360,1393,10,12367,0,14330,26707
4875,T,C,15,673,2,32821,33511,26,2225,0,25336,27587,16,1024,0,18771,19811,225,1532,8,31433,33198,4,5063,2,28035,33104,115,41,3,28713,28872,0,847,0,12216,13063,42,5740,0,35620,41402,0,0,0,1385,1385,42,5828,1,20838,26709
4878,T,C,1,11,0,35184,35196,1,1258,3,27704,28966,1,17,1,20521,20540,16,22919,7,13137,36079,2,3,19,35362,35386,3,8019,0,22692,30714,0,514,0,13180,13694,2,10,6,43478,43496,0,29,0,1382,1411,3,110,5,28211,28329
4886,T,C,0,86,0,37799,37885,0,2695,0,28440,31135,0,460,0,21368,21828,12,27770,1,12578,40361,5,6337,0,32268,38610,0,9364,0,24381,33745,0,1519,0,13416,14935,1,7006,0,40029,47036,0,124,0,1576,1700,4,7048,3,23695,30750
4927,T,C,10,22,2,49062,49096,5,2013,5,34297,36320,3,1333,6,24315,25657,3,36,5,45275,45319,0,7347,3,38444,45794,0,52,0,41090,41142,0,1317,0,17923,19240,4,7979,6,49421,57410,0,0,0,2370,2370,3,7810,4,28382,36199
4960,T,C,6,121,4,47533,47664,21,2057,2,32104,34184,2,1235,3,23206,24446,58,417,0,40498,40973,2,5914,0,38541,44457,3,99,0,38943,39045,0,1169,1,17810,18980,7,13203,1,40360,53571,0,3,0,2365,2368,13,14446,4,18088,32551
4961,T,C,6,71,0,47289,47366,2,1506,3,32500,34011,4,376,0,23858,24238,5,20,5,40786,40816,10,5851,1,38483,44345,0,104,1,38835,38940,2,1174,0,17808,18984,6,6305,7,46921,53239,0,0,0,2371,2371,4,6143,3,26213,32363
4975,G,A,21,0,44575,13,44609,28,3,30569,20,30620,30,0,22361,7,22398,58,1,36305,26,36390,26,0,37750,3,37779,28,16,35808,5,35857,6,1,17749,0,17756,36,2,48511,10,48559,213,0,1751,0,1964,21,2,29751,33,29807
4998,T,C,6,1271,1,29406,30684,2,2885,1,17372,20260,3,37,1,15327,15368,4,135,1,23364,23504,0,104,0,24826,24930,5,31,1,23404,23441,0,0,0,11711,11711,12,34,1,30937,30984,0,94,0,1473,1567,5,37,0,19065,19107
5003,T,C,4,1137,0,27798,28939,2,3344,1,15799,19146,2,244,0,14432,14678,3,385,2,22006,22396,4,3260,2,20745,24011,2,114,2,22105,22223,0,575,0,10198,10773,14,3003,1,26310,29328,0,47,0,1470,1517,4,3327,2,14944,18277
5077,C,T,7,15267,0,6,15280,8,11561,1,373,11943,9,8718,1,996,9724,12,11499,6,61,11578,25,9953,1,2184,12163,11,11738,0,59,11808,0,5400,0,173,5573,7,13588,2,1323,14920,0,489,0,0,489,10,9976,4,91,10081
5081,T,C,1,11,0,14812,14824,1,89,2,11457,11549,2,5,1,9489,9497,1,142,0,11098,11241,1,0,1,11759,11761,0,6,0,11477,11483,0,0,0,5351,5351,0,356,1,14129,14486,0,0,0,372,372,2,1719,4,8034,9759
5088,T,C,2,505,6,13199,13712,0,184,1,10623,10808,1,55,0,8848,8904,2,276,1,10324,10603,1,455,2,10650,11108,1,24,0,10766,10791,0,0,1,4922,4923,5,31,2,13467,13505,0,49,0,292,341,4,15,1,9058,9078
5094,A,C,11539,1849,19,9,13416,10495,485,5,2,10987,8682,130,10,7,8829,10350,4,14,5,10373,10454,406,0,0,10860,10595,17,19,10,10641,4840,74,0,0,4914,12419,924,26,17,13386,314,0,0,0,314,7585,1336,19,4,8944
5107,C,T,1,16151,0,9,16161,8,13394,1,120,13523,2,10275,1,335,10613,5,12210,0,7,12222,0,15125,0,12,15137,32,13437,6,14,13489,0,4721,0,1446,6167,6,16717,0,58,16781,0,523,0,0,523,4,10818,0,1,10823
5121,A,C,17782,3,3,2,17790,14396,12,3,3,14414,11567,145,1,0,11713,13449,1,0,0,13450,16573,589,0,0,17162,15102,0,0,0,15102,7223,24,0,1,7248,17844,1338,2,1,19185,483,0,0,0,483,9951,1781,2,6,11740
5125,C,T,7,17948,0,107,18062,22,14641,0,176,14839,5,11703,0,152,11860,2,13769,1,3,13775,1,17412,0,629,18042,5,15387,0,69,15461,0,7475,0,156,7631,14,18356,1,1342,19713,0,463,0,0,463,5,10157,0,1770,11932
5146,T,A,0,27,2,18229,18258,1,11,2,15325,15339,1,12,0,12004,12017,4,358,1,13540,13903,359,334,2,17900,18595,1,211,2,15377,15591,134,0,0,7632,7766,2868,959,2,16394,20223,0,0,0,453,453,38,31,2,11946,12017
5156,A,G,18881,2,1,2,18886,15953,0,2,3,15958,12465,3,4,0,12472,14421,3,6,2,14432,19592,1,1,0,19594,16318,8,13,1,16340,6395,0,1726,0,8121,21267,3,7,4,21281,454,0,0,0,454,12541,2,3,0,12546
5161,T,C,0,6,0,18693,18699,0,9,0,15582,15591,0,72,2,12156,12230,1,14,0,14019,14034,0,3834,0,15163,18997,1,47,0,15878,15926,0,382,0,7590,7972,0,1128,0,19651,20779,0,0,0,470,470,1,1722,1,10455,12179
5162,T,A,4,3,0,18759,18766,23,5,0,15630,15658,617,4,1,11646,12268,3966,16,1,10155,14138,4266,3,0,14630,18899,9719,21,9,6232,15981,897,1,0,7172,8070,7676,2,3,13384,21065,140,0,0,322,462,2064,579,1,9632,12276
5205,T,C,0,68,0,17240,17308,0,43,0,13453,13496,0,353,1,10536,10890,0,2078,0,10548,12626,2,7373,1,10684,18060,2,8241,11,6048,14302,0,1265,0,6212,7477,0,7333,5,12932,20270,0,219,0,249,468,0,184,2,10968,11154
5206,T,C,4,256,0,16949,17209,38,2719,0,10805,13562,32,1081,2,9782,10897,60,2512,2,10021,12595,0,7271,0,10612,17883,40,10027,0,4072,14139,34,1374,20,5957,7385,64,9403,1,10783,20251,0,225,0,244,469,150,999,4,9955,11108
5209,G,A,39,2,16862,4,16907,22,3,13393,9,13427,25,0,10625,13,10663,962,2,11352,4,12320,339,0,17532,0,17871,256,0,13270,1,13527,141,0,6986,0,7127,680,2,19077,3,19762,49,0,412,0,461,1782,1,9172,7,10962
5244,A,G,16431,0,20,6,16457,13189,0,21,1,13211,10642,2,28,1,10673,11942,3,19,0,11964,18264,0,2,0,18266,13224,10,9,2,13245,6877,0,0,0,6877,20712,4,36,2,20754,496,0,66,0,562,11244,3,18,1,11266
5325,A,C,25395,1244,3,2,26644,19781,2535,4,1,22321,13525,3648,2,0,17175,20174,8,15,5,20202,31835,852,0,2,32689,20043,18,2,0,20063,10731,97,1,0,10829,32513,1022,0,0,33535,1255,0,0,1,1256,20828,105,2,1,20936
5455,C,T,34,48240,9,17,48300,17,41630,1,25,41673,28,31182,2,31,31243,19,35804,5,3483,39311,4,48365,145,1312,49826,44,33307,0,666,34017,0,21997,0,374,22371,15,50855,13,2319,53202,0,1901,0,40,1941,20,31239,7,6546,37812
5458,T,C,29,12,12,43679,43732,24,18,5,38134,38181,21,7,7,28358,28393,22,558,5,35388,35973,44,5,14,44155,44218,17,2472,5,28234,30728,17,1011,1,19732,20761,21,4,8,48432,48465,1,207,0,1415,1623,23,33,7,34811,34874
5459,C,A,14,48612,1,0,48627,43,42692,0,5,42740,879,30747,0,2,31628,4900,34746,2,0,39648,15239,35836,1,1,51077,17373,16441,1,2,33817,3782,18958,0,0,22740,15144,38119,3,30,53296,218,1547,0,0,1765,418,38045,0,38,38501
5480,C,T,10,42503,1,17,42531,20,39170,2,34,39226,9,28452,1,67,28529,32,35678,0,33,35743,4,47699,3,77,47783,2,31888,0,71,31961,2,19360,0,4,19366,4,47916,0,77,47997,0,900,0,135,1035,24,34124,0,27,34175
5484,C,T,4,26722,4,15287,42017,3,37642,5,3250,40900,12,29320,7,1158,30497,2,31718,18,5389,37127,3,47814,0,2530,50347,1,28792,58,4462,33313,3,9037,0,9744,18784,13,46081,16,4554,50664,0,283,0,550,833,20,29232,15,5955,35222
5519,A,T,41707,0,5,7,41719,38456,0,8,2,38466,28474,1,4,3,28482,35618,2,1,5,35626,48513,0,6,547,49066,31570,0,0,1,31571,20249,1,5,2,20257,44857,14,2,3899,48772,1062,0,0,0,1062,28927,1,2,4568,33498
5610,C,T,11,15020,0,1,15032,9,16335,0,0,16344,3,13574,0,3,13580,10,16173,0,7,16190,4,17251,0,1,17256,1,13729,0,0,13730,0,6963,0,0,6963,6,18343,0,4,18353,0,139,0,0,139,14,14138,1,2060,16213
5638,A,T,12879,18,39,27,12963,16044,37,16,14,16111,13057,30,29,28,13144,15168,42,39,13,15262,17907,0,0,36,17943,12719,23,137,14,12893,5366,0,0,0,5366,15873,58,72,26,16029,48,0,0,31,79,15815,45,45,29,15934
5655,A,T,15673,5,7,8,15693,19603,3,4,3,19613,15574,8,3,1,15586,18156,11,7,2,18176,20729,0,0,0,20729,15411,27,2,0,15440,5592,0,0,0,5592,17810,3,0,0,17813,330,0,0,79,409,18681,6,9,5,18701
5778,G,A,2,4,26673,11,26690,3,0,27976,20,27999,8,0,24538,7,24553,0,7,28534,1,28542,5,0,25768,0,25773,4,1,24083,0,24088,0,0,6307,0,6307,11,0,22803,0,22814,198,1,1067,0,1266,31,2,28826,2,28861
5882,G,A,2,0,11761,2,11765,2,1,13416,9,13428,10,0,12171,7,12188,98,0,11834,2,11934,455,0,11510,0,11965,124,0,11449,1,11574,831,1,2215,0,3047,8,0,9425,0,9433,50,0,256,0,306,21,0,12297,4,12322
5899,G,T,6,2,10621,6,10635,3,3,11636,1,11643,10,0,10960,7,10977,8,0,10556,2,10566,0,0,10187,102,10289,11,0,10061,0,10072,0,0,3051,1,3052,2,0,7978,611,8591,0,0,296,0,296,47,2,8773,2058,10880
5925,C,T,0,7488,0,6,7494,1,8055,0,3,8059,4,7890,0,8,7902,1,7413,3,14,7431,0,7638,0,0,7638,1,7285,0,9,7295,0,2082,0,0,2082,3,5376,0,439,5818,0,218,0,0,218,5,4512,1,3072,7590
6005,C,T,2,7221,0,3,7226,1,7094,1,0,7096,3,7687,0,4,7694,2,7064,1,3,7070,0,5786,0,0,5786,1,6911,0,12,6924,0,2619,0,0,2619,1,6186,4,39,6230,0,162,0,74,236,1,7433,1,76,7511
6148,C,T,17,31074,0,8,31099,16,35270,0,20,35306,8,30569,0,23,30600,15,32666,1,27,32709,3,32208,0,3,32214,0,28249,1,28,28278,0,9733,0,68,9801,22,30110,0,35,30167,0,843,0,286,1129,9,33769,4,6,33788
6169,C,T,6,32535,2,12,32555,17,37881,0,17,37915,11,32316,0,12,32339,4,34424,3,13,34444,56,33566,0,4,33626,16,29473,0,3,29492,0,10413,0,1,10414,4,30828,0,282,31114,0,1238,0,0,1238,14,29427,2,6234,35677
6223,C,T,15,27808,0,281,28104,23,31401,0,231,31655,10,26316,1,426,26753,11,28845,2,1,28859,11,25156,0,1009,26176,0,24042,0,0,24042,0,8973,0,95,9068,5,23030,1,1966,25002,0,1226,0,0,1226,16,24472,0,5277,29765
6280,G,A,0,1,14701,4,14706,1,0,16311,13,16325,1,0,13648,5,13654,5,0,14700,2,14707,0,0,14133,0,14133,2,0,13168,0,13170,0,0,4982,0,4982,34,2,10617,0,10653,79,0,552,0,631,14,0,14812,6,14832
6293,A,G,12550,0,1,0,12551,13424,0,442,0,13866,10058,0,1640,2,11700,9433,0,3054,1,12488,9792,0,2063,0,11855,10228,0,1426,0,11654,4232,0,301,0,4533,8034,0,962,0,8996,345,0,0,0,345,12488,0,108,1,12597
6302,G,T,0,0,11576,7,11583,2,0,12638,3,12643,1,0,10855,7,10863,0,0,11619,11,11630,26,0,10188,0,10214,1,0,10919,15,10935,0,0,4063,1,4064,1,0,8297,9,8307,0,0,264,40,304,0,0,11384,6,11390
6305,A,C,11489,3,3,3,11498,12554,0,11,1,12566,10644,40,152,0,10836,11562,2,26,0,11590,9202,336,428,0,9966,11003,0,0,0,11003,3597,343,94,0,4034,6618,899,659,0,8176,304,0,0,0,304,7179,2141,1974,1,11295
6305,A,G,11489,3,3,3,11498,12554,0,11,1,12566,10644,40,152,0,10836,11562,2,26,0,11590,9202,336,428,0,9966,11003,0,0,0,11003,3597,343,94,0,4034,6618,899,659,0,8176,304,0,0,0,304,7179,2141,1974,1,11295
6306,A,G,11361,1,1,0,11363,12333,6,3,2,12344,10423,194,45,9,10671,10683,0,702,25,11410,9424,1,226,0,9651,9908,0,884,84,10876,4041,0,0,0,4041,8039,15,53,0,8107,300,0,0,0,300,9325,5,1846,1,11177
6378,A,G,7506,0,5,1,7512,8892,0,0,0,8892,8477,0,3,1,8481,7975,0,12,0,7987,7103,0,1,0,7104,7809,0,0,0,7809,1655,0,0,0,1655,4521,0,8,0,4529,111,0,38,0,149,7917,0,4,1,7922
6450,C,A,1,6650,2,1,6654,3,8010,0,2,8015,2,7875,0,1,7878,0,7113,0,0,7113,0,6123,0,0,6123,0,6770,0,0,6770,0,1426,0,0,1426,1,4427,0,0,4428,67,83,0,0,150,3,7228,0,12,7243
6507,A,T,6787,2,1,3,6793,7847,4,2,0,7853,8016,1,0,182,8199,6202,0,0,864,7066,4431,0,0,1685,6116,2896,0,0,3729,6625,1190,0,0,386,1576,3351,3,0,1732,5086,116,0,0,0,116,7457,10,0,108,7575
6518,A,G,5194,0,2699,0,7893,2355,1,6454,9,8819,1139,0,7923,5,9067,8467,0,4,2,8473,4433,0,3034,0,7467,7493,0,108,1,7602,1998,0,56,0,2054,3987,0,1892,0,5879,166,1,2,0,169,7347,0,1462,4,8813
6528,C,T,4,8535,3,10,8552,3,9125,0,124,9252,6,9362,1,43,9412,7,8235,0,738,8980,2,7451,0,109,7562,1,6186,0,1380,7567,1,957,0,1096,2054,0,6099,0,24,6123,0,1,0,145,146,3,9203,1,16,9223
6530,A,C,10060,45,155,28,10288,9957,21,89,16,10083,10357,20,67,16,10460,10409,48,167,40,10664,8375,0,94,85,8554,8440,13,215,27,8695,2351,0,64,0,2415,7208,43,166,24,7441,217,57,0,0,274,10618,66,169,32,10885
6548,A,T,12585,12,12,11,12620,12170,7,4,4,12185,12568,3,8,6,12585,12877,5,9,10,12901,9992,0,0,0,9992,10247,44,1,1,10293,2889,100,0,0,2989,9109,11,2,18,9140,291,0,0,69,360,13370,4,14,5,13393
6655,C,T,9,28541,6,9,28565,21,25603,6,1,25631,6,25085,5,0,25096,5,28866,4,3,28878,0,22050,0,24,22074,2,24039,21,20,24082,0,7905,0,0,7905,17,25649,1,31,25698,0,1467,0,0,1467,6,24519,5,3268,27798
6851,A,G,26532,6,26,2,26566,23743,8,24,4,23779,22973,2,21,6,23002,27006,4,23,1,27034,19108,0,0,0,19108,23723,0,14,1,23738,9424,0,2,0,9426,26199,18,55,0,26272,1218,0,184,0,1402,26928,14,29,11,26982
6966,A,G,26557,1,9,0,26567,26077,1,195,2,26275,22649,1,382,0,23032,27387,0,3,1,27391,16850,0,1576,0,18426,23310,0,0,0,23310,8684,0,0,0,8684,20232,3,1865,0,22100,922,0,1,0,923,21696,0,5024,1,26721
7038,A,G,9348,3,11,7,9369,9519,1,4,3,9527,8732,0,4,4,8740,9923,3,2,4,9932,6387,0,1,0,6388,9072,1,1,0,9074,3132,0,0,0,3132,6353,4,1,2,6360,138,0,44,0,182,9210,8,5,4,9227
7042,G,A,2,0,8443,0,8445,3,0,8948,0,8951,4,1,8059,1,8065,4,0,9042,2,9048,1,0,5669,0,5670,9,1,7933,4,7947,0,0,2447,1,2448,17,1,5525,1,5544,0,0,144,0,144,1235,3,7015,9,8262
7174,A,G,3162,0,1,0,3163,3993,0,0,2,3995,3598,0,1,0,3599,3510,0,2,0,3512,2778,0,0,0,2778,2655,0,0,0,2655,1011,0,51,0,1062,1542,0,103,0,1645,41,0,0,0,41,2792,0,427,4,3223
7515,T,C,1,0,1,1795,1797,1,0,0,2333,2334,0,3,1,2623,2627,0,1,2,2260,2263,0,0,0,2170,2170,0,0,0,2109,2109,0,29,0,220,249,0,12,0,1421,1433,0,0,0,16,16,0,1,1,2135,2137
7550,C,A,3,2609,0,1,2613,3,3222,0,2,3227,3,3536,0,0,3539,2,3337,1,1,3341,0,2028,0,0,2028,0,2884,0,0,2884,60,440,0,0,500,0,2371,0,1,2372,0,0,0,0,0,3,3066,0,0,3069
7640,G,C,1,13,9782,13,9809,4,5,10954,10,10973,4,4,11632,15,11655,0,4,12471,17,12492,2,0,8181,0,8183,0,32,9055,3,9090,0,0,1864,0,1864,10,2,6286,6,6304,0,22,55,0,77,0,13,11067,36,11116
7992,G,A,4,0,10748,0,10752,3,0,9539,1,9543,3,0,9574,1,9578,5,0,11172,4,11181,1,0,7816,0,7817,4,0,9099,0,9103,0,0,3106,0,3106,6,0,9482,2,9490,28,0,139,0,167,10,2,10656,4,10672
8102,T,C,0,25,13,12073,12111,1,17,3,12244,12265,2,23,10,11812,11847,9,25,3,13034,13071,0,28,0,8329,8357,0,6,8,8670,8684,0,0,0,3136,3136,2,24,1,6932,6959,0,33,0,120,153,1,29,11,12424,12465
8113,G,T,4,2,12166,1,12173,4,1,12548,3,12556,4,0,12047,0,12051,8,0,13099,7,13114,0,0,8626,0,8626,0,0,8776,0,8776,0,0,3105,0,3105,2,0,6747,0,6749,0,0,193,32,225,6,0,12650,2,12658
8257,C,T,2,3538,0,0,3540,2,4250,0,3,4255,3,4009,2,0,4014,1,4007,0,4,4012,0,3080,0,0,3080,0,2679,0,1,2680,0,1046,0,0,1046,0,2061,0,9,2070,0,90,0,26,116,3,4103,0,2,4108
8268,C,T,1,3308,0,0,3309,4,3952,2,0,3958,0,3782,0,0,3782,0,3797,0,2,3799,0,2729,0,0,2729,0,2429,0,0,2429,1,907,0,1,909,0,1868,1,7,1876,0,90,0,28,118,1,3729,1,0,3731
8305,C,A,0,3274,0,0,3274,6,4158,0,0,4164,3,3728,0,0,3731,0,3797,0,0,3797,0,3157,0,0,3157,0,2324,0,0,2324,103,891,0,0,994,2,1736,0,1,1739,0,157,0,0,157,2,3819,0,2,3823
8725,G,A,0,0,688,0,688,0,0,733,0,733,2,0,943,0,945,0,0,810,0,810,45,0,382,0,427,0,0,468,0,468,0,0,27,0,27,10,0,308,0,318,0,0,0,0,0,6,0,759,0,765
9416,A,G,1293,1,0,0,1294,1470,0,0,0,1470,1703,0,0,0,1703,1511,0,2,0,1513,1017,0,0,0,1017,986,0,0,0,986,126,0,21,0,147,711,0,0,0,711,23,0,0,0,23,1485,1,0,0,1486
9650,G,A,0,0,1374,1,1375,0,0,1515,0,1515,2,0,1822,0,1824,0,1,1649,0,1650,0,0,1193,0,1193,0,0,1237,0,1237,21,0,104,0,125,0,0,743,0,743,0,0,0,0,0,1,0,1465,0,1466
9928,A,T,6953,4,12,4,6973,8395,2,22,1,8420,7627,7,24,0,7658,7970,5,27,9,8011,5571,0,44,1,5616,6404,1,16,0,6421,1481,0,0,0,1481,3209,1,20,62,3292,40,0,0,0,40,6204,1,26,749,6980
10116,G,A,2,0,5851,3,5856,19,1,6715,4,6739,50,2,7158,1,7211,11,0,6429,3,6443,42,0,4960,1,5003,43,0,4272,8,4323,154,0,937,0,1091,10,0,3135,0,3145,0,0,70,0,70,5,1,6379,4,6389
11099,A,G,10456,1,3,1,10461,12347,1,7,3,12358,13536,4,3,2,13545,12051,1,14,4,12070,7852,11,0,0,7863,10921,0,10,0,10931,2234,0,0,0,2234,5823,0,0,0,5823,208,0,45,0,253,12389,3,13,2,12407
11248,G,T,0,0,10053,5,10058,0,0,13329,3,13332,2,0,13441,6,13449,0,0,11833,2,11835,2,0,8530,0,8532,34,0,9196,0,9230,0,0,2162,0,2162,2,0,4581,0,4583,0,0,136,22,158,6,0,11811,6,11823
11317,A,G,5725,0,2,2,5729,7894,0,2,3,7899,7781,0,0,0,7781,5251,0,1262,3,6516,4741,0,0,0,4741,5541,0,381,0,5922,1154,0,0,0,1154,3015,0,0,0,3015,22,0,0,0,22,6811,0,0,1,6812
11431,C,T,1,3809,1,86,3897,1,5458,4,85,5548,0,5472,1,145,5618,0,4736,0,136,4872,1,3132,0,0,3133,0,3930,0,169,4099,0,501,0,0,501,1,2089,0,61,2151,0,77,0,28,105,1,4647,1,126,4775
11467,A,C,5775,3,1,0,5779,7780,3,9,4,7796,7680,1,9,0,7690,6998,2,6,0,7006,4727,0,1,0,4728,5856,0,8,0,5864,688,0,0,0,688,2700,1,3,4,2708,142,91,0,0,233,6710,4,12,4,6730
11485,C,A,5,7436,1,9,7451,2,9768,1,18,9789,5,9274,7,16,9302,10,8636,3,11,8660,0,5944,0,2,5946,9,7017,2,30,7058,4,779,0,0,783,5,3394,5,6,3410,54,304,0,0,358,6,8530,7,20,8563
11671,C,T,15,11427,0,1,11443,4,13648,0,5,13657,10,12825,1,2,12838,1,13340,0,2,13343,0,9296,0,0,9296,0,9979,0,0,9979,0,3509,0,0,3509,5,6892,0,9,6906,0,172,0,58,230,3,12809,0,14,12826
11766,T,C,5,0,0,13057,13062,5,3,0,14229,14237,3,1,0,14197,14201,0,0,1,14492,14493,1,1,1,9470,9473,0,2,0,12903,12905,0,0,0,4021,4021,1,0,0,11342,11343,0,44,0,185,229,3,0,2,14702,14707
12482,G,T,0,0,7899,1,7900,0,0,10250,1,10251,1,0,9256,3,9260,1,0,8702,0,8703,0,0,6078,0,6078,0,0,7607,2,7609,0,0,1854,0,1854,0,0,3619,1,3620,0,0,51,21,72,2,0,8608,0,8610
12692,T,G,0,1,6,5354,5361,1,1,1,6470,6473,0,0,0,6523,6523,3,1,2,5822,5828,0,0,1,4217,4218,0,0,0,4926,4926,0,0,0,653,653,0,2,3,2461,2466,0,0,26,72,98,0,2,2,5962,5966
13190,A,G,3171,0,20,1,3192,3722,0,12,0,3734,3539,3,9,0,3551,3267,3,17,0,3287,2197,0,0,0,2197,3273,0,0,0,3273,443,0,54,18,515,1610,1,8,0,1619,52,0,0,0,52,3233,0,11,1,3245
13489,G,A,0,0,2359,0,2359,0,0,2613,0,2613,1,0,2624,0,2625,210,0,2311,0,2521,0,0,1076,0,1076,15,0,1884,2,1901,0,0,498,1,499,37,0,1030,0,1067,0,0,47,0,47,332,0,1828,0,2160
13538,G,T,0,0,1324,0,1324,0,0,1480,0,1480,1,0,1473,1,1475,0,0,1420,0,1420,0,0,646,0,646,8,0,1109,0,1117,0,0,241,29,270,0,0,645,0,645,0,0,23,0,23,2,0,1242,1,1245
13661,C,T,0,1438,0,0,1438,1,1486,0,0,1487,0,1674,1,0,1675,1,1518,0,0,1519,0,761,0,1,762,0,1134,0,0,1134,0,253,0,84,337,1,613,0,0,614,0,0,0,0,0,2,1511,0,0,1513
13798,A,C,1066,0,0,0,1066,1138,1,0,0,1139,1412,0,0,0,1412,1056,97,7,1,1161,840,0,0,0,840,833,8,0,0,841,120,0,0,0,120,510,16,0,0,526,2,0,0,0,2,1007,151,0,0,1158
13861,T,C,0,0,1,707,708,0,1,1,860,862,0,0,0,1090,1090,0,0,0,745,745,0,0,0,592,592,0,0,0,670,670,0,28,0,42,70,0,0,0,414,414,0,0,0,1,1,0,6,0,903,909
14037,G,A,0,1,4656,0,4657,4,0,5512,3,5519,1,0,5728,1,5730,0,0,5086,0,5086,39,0,4498,0,4537,7,0,4627,0,4634,0,0,1346,0,1346,2,1,2601,0,2604,62,0,73,0,135,0,0,5217,2,5219
14042,G,A,2,0,4928,8,4938,3,0,5791,6,5800,2,0,5996,3,6001,1,0,5432,3,5436,0,0,4893,0,4893,0,0,4782,0,4782,0,0,1331,0,1331,0,0,2688,0,2688,28,0,103,0,131,6,1,5453,3,5463
14200,A,G,22123,2,4,2,22131,27519,1,11,11,27542,23665,0,2,6,23673,22401,2,6,1,22410,21565,0,0,3,21568,19697,1,0,2,19700,4411,0,1,0,4412,11630,0,2,2,11634,248,0,180,0,428,23398,0,7,0,23405
14428,T,C,0,0,0,3703,3703,0,117,0,4479,4596,0,2,0,4627,4629,2,2531,0,1872,4405,0,1,0,2767,2768,0,931,0,3065,3996,0,12,0,529,541,0,1,0,2076,2077,0,0,0,115,115,0,8,0,3887,3895
14616,C,T,1,2941,0,0,2942,0,3123,0,0,3123,0,3630,0,0,3630,0,2982,0,0,2982,0,2672,0,0,2672,0,2016,0,0,2016,0,296,0,96,392,0,1367,0,0,1367,0,0,0,0,0,0,3082,0,0,3082
15041,G,T,0,0,146,0,146,0,0,116,0,116,0,0,103,11,114,0,0,115,0,115,0,0,63,50,113,0,0,77,0,77,0,0,0,0,0,0,0,70,0,70,0,0,0,0,0,0,0,107,0,107
